"개방자치단체코드","관리번호","인허가일자","인허가취소일자","영업상태코드","영업상태명","상세영업상태코드","상세영업상태명","폐업일자","휴업시작일자","휴업종료일자","재개업일자","전화번호","소재지면적","소재지우편번호","지번주소","도로명주소","도로명우편번호","사업장명","최종수정일자","데이터갱신구분","데이터갱신일자","업태구분명","좌표정보(X)","좌표정보(Y)","위생업태명","남성종사자수","여성종사자수","영업장주변구분명","등급구분명","급수시설구분명","총인원","본사종업원수","공장사무직종업원수","공장판매직종업원수","공장생산직종업원수","건물소유구분명","보증액","월세액","다중이용업소여부","시설총규모","전통업소지정번호","전통업소주된음식","홈페이지"
"3240000","3240000-102-1972-05566","19721023","","03","폐업","02","폐업","20081201","","","","02 4860725","164.32","134871","서울특별시 강동구 천호동 550-4번지 .5.6 ","","","테크노노래주점","20090806164520","I","2018-08-31 23:59:59.0","스텐드바","211263.209311589    ","448686.909508157    ","스텐드바","0","0","유흥업소밀집지역","을","상수도전용","","","","","","","","","N","164.32","","",""
"3240000","3240000-102-1975-05529","19750628","","01","영업/정상","01","영업","","","","","02 4711534","175.80","134872","서울특별시 강동구 천호동 412-2번지 ","서울특별시 강동구 천호대로157길 51 (천호동)","05329","엔츠 노래타운","20171201162203","I","2018-08-31 23:59:59.0","룸살롱","211212.492261553    ","448649.550207031    ","룸살롱","","","","","","","","","","","","","","Y","175.8","","",""
"3240000","3240000-102-1976-05609","19760811","","03","폐업","02","폐업","19990323","","","","02","485.95","134874","서울특별시 강동구 천호동 425-5번지 ","","","강동월드컵","19990902000000","I","2018-08-31 23:59:59.0","카바레","210970.75707265     ","448713.31669728     ","카바레","21","22","유흥업소밀집지역","을","상수도전용","","","","","","","","","N","485.95","","",""
"3240000","3240000-102-1978-05541","19780922","","03","폐업","02","폐업","20210528","","","","02  474 9979","106.95","134871","서울특별시 강동구 천호동 557-2 ","서울특별시 강동구 진황도로 23-1 (천호동)","05334","비너스 주점","20210528144441","U","2021-05-30 02:40:00.0","룸살롱","211430.177266067    ","448563.205344312    ","룸살롱","0","0","유흥업소밀집지역","을","상수도전용","","","","","","","","","Y","106.95","","",""
"3240000","3240000-102-1979-05565","19790426","","03","폐업","02","폐업","19911213","","","","0204788835","313.50","134874","서울특별시 강동구 천호동 455-20번지 ","","","모나코룸크럽","20020605000000","I","2018-08-31 23:59:59.0","스텐드바","","","스텐드바","3","1","유흥업소밀집지역","을","상수도전용","","","","","","","","","N","313.5","","",""
"3240000","3240000-102-1980-05514","19800126","","03","폐업","02","폐업","19941206","","","","0201768800","118.60","134841","서울특별시 강동구 성내동 119-1번지 ","","","로얄","20020605000000","I","2018-08-31 23:59:59.0","룸살롱","","","룸살롱","1","1","유흥업소밀집지역","을","상수도전용","","","","","","","","","N","118.6","","",""
"3240000","3240000-102-1980-05519","19800905","","03","폐업","02","폐업","19920919","","","","0201768800","128.64","134867","서울특별시 강동구 천호동 288-1번지 ","","","홈런","20020605000000","I","2018-08-31 23:59:59.0","룸살롱","211313.932579998    ","449686.721186141    ","룸살롱","0","0","유흥업소밀집지역","을","상수도전용","","","","","","","","","N","128.64","","",""
"3240000","3240000-102-1980-05520","19800708","","01","영업/정상","01","영업","","","","","02 4776902","99.56","134890","서울특별시 강동구 성내동 429-10","서울특별시 강동구 양재대로89길 13 (성내동)","05405","월드컵노래주점","20221021095645","U","2021-10-30 22:03:00.0","룸살롱","211835.981249432","447143.431610694","","","","","","","","","","","","","","","","","","",""
"3240000","3240000-102-1980-05521","19800908","","03","폐업","02","폐업","20050708","","","","02 4811406","164.73","134874","서울특별시 강동구 천호동 432-11번지 ","","","대천","20050228000000","I","2018-08-31 23:59:59.0","룸살롱","210852.338764731    ","448718.284718108    ","룸살롱","2","1","유흥업소밀집지역","을","상수도전용","","","","","","","","","N","164.73","","",""
"3240000","3240000-102-1980-05525","19801114","","03","폐업","02","폐업","19980406","","","","0204768730","368.17","134814","서울특별시 강동구 길동 412-12번지 ","","","지구촌","20020605000000","I","2018-08-31 23:59:59.0","룸살롱","212215.378259229    ","448196.85466049     ","룸살롱","1","2","유흥업소밀집지역","을","상수도전용","","","","","","","","","N","368.17","","",""
"3240000","3240000-102-1980-05528","19800701","","01","영업/정상","01","영업","","","","","","95.76","134859","서울특별시 강동구 암사동 496-17","서울특별시 강동구 상암로11길 4 1층 (암사동)","05264","보스노래밤","20221215112130","U","2021-11-01 23:07:00.0","룸살롱","211315.841955253","449745.468868802","","","","","","","","","","","","","","","","","","",""
"3240000","3240000-102-1980-05530","19800512","","03","폐업","02","폐업","20161027","","","","0222150152","234.90","134020","서울특별시 강동구 천호동 406-13번지 14 ","서울특별시 강동구 구천면로 211 (천호동14)","05326","필","20090105093437","I","2018-08-31 23:59:59.0","스텐드바","211257.023272453    ","448718.236133386    ","스텐드바","","","","","","","","","","","","","","N","234.9","","",""
"3240000","3240000-102-1980-05539","19800228","","03","폐업","02","폐업","20030630","","","","0204712531","102.12","134814","서울특별시 강동구 길동 414-10번지 ","","","2002월드컵","20020605000000","I","2018-08-31 23:59:59.0","룸살롱","212081.019857419    ","448209.124823551    ","룸살롱","2","1","유흥업소밀집지역","을","상수도전용","","","","","","","","","N","102.12","","",""
"3240000","3240000-102-1980-05540","19800829","","03","폐업","02","폐업","20000628","","","","0204760954","108.77","134844","서울특별시 강동구 성내동 416-20번지 ","","","물레방아","20020605000000","I","2018-08-31 23:59:59.0","룸살롱","211915.887675213    ","447415.173700601    ","룸살롱","0","0","유흥업소밀집지역","을","상수도전용","","","","","","","","","N","108.77","","",""
"3240000","3240000-102-1980-05542","19800617","","01","영업/정상","01","영업","","","","","02  470 0357","101.88","134843","서울특별시 강동구 성내동 397-11 지하1층","서울특별시 강동구 양재대로 1389 (성내동)","05376","금방석","20221104102127","U","2021-11-01 00:06:00.0","룸살롱","212019.445454587","447558.930246347","","","","","","","","","","","","","","","","","","",""
"3240000","3240000-102-1980-05547","19800131","","03","폐업","02","폐업","20120529","","","","02 4708214","229.32","134814","서울특별시 강동구 길동 457-1번지 ","","","뻐꾸기노래주점","20090528115231","I","2018-08-31 23:59:59.0","스텐드바","212062.685873527    ","448097.972840302    ","스텐드바","10","1","유흥업소밀집지역","을","상수도전용","","","","","","","","","N","229.32","","",""
"3240000","3240000-102-1980-05549","19800125","","03","폐업","02","폐업","20040514","","","","02","256.96","134814","서울특별시 강동구 길동 456-5번지 ","","","명성","20030102000000","I","2018-08-31 23:59:59.0","룸살롱","212077.520125302    ","448133.160121928    ","룸살롱","1","1","유흥업소밀집지역","을","상수도전용","","","","","","","","","N","256.96","","",""
"3240000","3240000-102-1980-05568","19800925","","01","영업/정상","01","영업","","","","","02 4818068","138.18","134859","서울특별시 강동구 암사동 496-16번지 ","서울특별시 강동구 상암로11길 8 (암사동)","05264","월드컵","20171201172800","I","2018-08-31 23:59:59.0","스텐드바","211317.192203556    ","449761.089973295    ","스텐드바","0","0","기타","기타","상수도전용","","","","","","","","","Y","138.18","","",""
"3240000","3240000-102-1981-05493","19810423","","03","폐업","02","폐업","19910909","","","","0204781188","230.17","134814","서울특별시 강동구 길동 414-9번지 ","","","대호","20020605000000","I","2018-08-31 23:59:59.0","요정","212112.777293643    ","448266.564306193    ","요정","1","7","유흥업소밀집지역","을","상수도전용","","","","","","","","","N","230.17","","",""
"3240000","3240000-102-1982-05513","19821230","","03","폐업","02","폐업","20001206","","","","02 4753630","178.80","134814","서울특별시 강동구 길동 415-7번지 ","","","대벌","20020605000000","I","2018-08-31 23:59:59.0","룸살롱","212067.798278551    ","448341.061539797    ","룸살롱","2","1","유흥업소밀집지역","을","상수도전용","","","","","","","","","N","178.8","","",""
"3240000","3240000-102-1982-05585","19820726","","03","폐업","02","폐업","20031011","","","","02 4881091","924.87","134874","서울특별시 강동구 천호동 425-5번지 ","","","서역기행","20030519000000","I","2018-08-31 23:59:59.0","카바레","210970.75707265     ","448713.31669728     ","카바레","0","0","유흥업소밀집지역","자율","상수도전용","","","","","","","","","N","924.87","","",""
"3240000","3240000-102-1983-05523","19830604","","03","폐업","02","폐업","20120425","","","","02 4825228","92.92","134880","서울특별시 강동구 길동 389-4번지 ","","","일원","20100224143009","I","2018-08-31 23:59:59.0","룸살롱","212237.193846835    ","448335.191890672    ","룸살롱","","","","","","","","","","","","","","N","92.92","","",""
"3240000","3240000-102-1983-05524","19830316","","03","폐업","02","폐업","19991007","","","","02","296.12","134864","서울특별시 강동구 천호동 453-19번지 ","","","티파니","20020605000000","I","2018-08-31 23:59:59.0","룸살롱","211176.084703491    ","448449.888935391    ","룸살롱","0","0","기타","기타","상수도전용","","","","","","","","","N","296.12","","",""
"3240000","3240000-102-1983-05526","19830624","","01","영업/정상","01","영업","","","","","0204836662","278.38","134880","서울특별시 강동구 길동 388-3","서울특별시 강동구 양재대로111길 18 (길동)","05353","대경","20221026140833","U","2021-10-30 22:08:00.0","룸살롱","212172.882862768","448356.930269962","","","","","","","","","","","","","","","","","","",""
"3240000","3240000-102-1983-05576","19831214","","03","폐업","02","폐업","20070105","","","","02 4777966","897.38","134814","서울특별시 강동구 길동 459-3번지 ","","","나성회관","20050812000000","I","2018-08-31 23:59:59.0","카바레","212143.778930005    ","448048.253831401    ","카바레","16","8","유흥업소밀집지역","을","상수도전용","","","","","","","","","N","897.38","","",""
"3240000","3240000-102-1983-05582","19830329","","03","폐업","02","폐업","20080722","","","","02 4846391","778.90","134873","서울특별시 강동구 천호동 419-3번지 ","","","카인호프나이트","20080128151344","I","2018-08-31 23:59:59.0","고고(디스코)클럽","211122.336085013    ","448641.392175021    ","고고(디스코)클럽","16","2","유흥업소밀집지역","을","상수도전용","","","","","","","","","N","778.9","","",""
"3240000","3240000-102-1983-05584","19830908","","03","폐업","02","폐업","19991016","","","","02   00000","670.06","134864","서울특별시 강동구 천호동 451-0번지 ","","","G세븐클럽","20020605000000","I","2018-08-31 23:59:59.0","고고(디스코)클럽","211330.148489184    ","448364.45842256     ","고고(디스코)클럽","18","2","유흥업소밀집지역","을","상수도전용","","","","","","","","","N","670.06","","",""
"3240000","3240000-102-1983-05588","19830329","","03","폐업","02","폐업","19990423","","","","02 4848411","864.48","134814","서울특별시 강동구 길동 414-1번지 ","","","국일관","20020605000000","I","2018-08-31 23:59:59.0","고고(디스코)클럽","212102.541821818    ","448338.998117904    ","고고(디스코)클럽","18","12","유흥업소밀집지역","을","상수도전용","","","","","","","","","N","864.48","","",""
"3240000","3240000-102-1983-05607","19830329","","03","폐업","02","폐업","20040303","","","","02 4843003","1003.20","134874","서울특별시 강동구 천호동 427-3번지 ","","","동해회관","20020605000000","I","2018-08-31 23:59:59.0","카바레","210935.038615054    ","448663.480515858    ","카바레","0","0","유흥업소밀집지역","기타","상수도전용","","","","","","","","","N","1003.2","","",""
"3240000","3240000-102-1984-05512","19840612","","03","폐업","02","폐업","20200929","","","","02 4848445","83.08","134814","서울특별시 강동구 길동 458-1 ","서울특별시 강동구 진황도로 106 (길동)","05355","샤방샤방","20200929134405","U","2020-10-01 02:40:00.0","룸살롱","212120.39974612     ","448126.582244832    ","룸살롱","","","","","","","","","","","","","","Y","83.08","","",""
"3240000","3240000-102-1984-05516","19841224","","01","영업/정상","01","영업","","","","","0226423928","134.50","134814","서울특별시 강동구 길동 412-2번지 ","서울특별시 강동구 양재대로109길 26 (길동)","05353","수담","20181116171441","U","2018-11-18 02:35:50.0","룸살롱","212212.69263868     ","448288.015400093    ","룸살롱","","","","","","","","","","","","","","Y","134.5","","",""
"3240000","3240000-102-1984-05517","19840419","","01","영업/정상","01","영업","","","","","02  474 8756","39.60","134872","서울특별시 강동구 천호동 412-3번지 ","서울특별시 강동구 천호대로157길 49 (천호동)","05329","부킹노래짱","20180723120109","I","2018-08-31 23:59:59.0","룸살롱","211209.896771449    ","448636.019046393    ","룸살롱","","","","","","","","","","","","","","Y","39.6","","",""
"3240000","3240000-102-1984-05532","19840605","","03","폐업","02","폐업","19911231","","","","0204863490","77.76","134814","서울특별시 강동구 길동 414-1번지 ","","","풍차","20020605000000","I","2018-08-31 23:59:59.0","룸살롱","212102.541821818    ","448338.998117904    ","룸살롱","1","2","유흥업소밀집지역","을","상수도전용","","","","","","","","","N","77.76","","",""
"3240000","3240000-102-1984-05534","19840608","","03","폐업","02","폐업","19970204","","","","0204760801","148.00","134814","서울특별시 강동구 길동 413-51번지 ","","","보스톤","20020605000000","I","2018-08-31 23:59:59.0","룸살롱","212142.229797249    ","448155.712949615    ","룸살롱","1","1","유흥업소밀집지역","을","상수도전용","","","","","","","","","N","148","","",""
"3240000","3240000-102-1984-05536","19840607","","01","영업/정상","01","영업","","","","","02 4875603","320.65","134814","서울특별시 강동구 길동 415-18 ","서울특별시 강동구 진황도로 93 (길동)","05354","모델노래타운","20211229095230","U","2021-12-31 02:40:00.0","룸살롱","212025.713738228    ","448227.378064025    ","룸살롱","0","0","","","","0","0","0","0","0","","0","0","Y","320.65","","",""
"3240000","3240000-102-1984-05543","19841219","","03","폐업","02","폐업","19980918","","","","02 4822525","400.95","134874","서울특별시 강동구 천호동 425-5번지 ","","","둥근달","20020605000000","I","2018-08-31 23:59:59.0","스텐드바","210970.75707265     ","448713.31669728     ","스텐드바","0","0","유흥업소밀집지역","을","상수도전용","","","","","","","","","N","400.95","","",""
"3240000","3240000-102-1984-05544","19840601","","03","폐업","02","폐업","19981214","","","","02 4762114","161.82","134872","서울특별시 강동구 천호동 414-0번지 ","","","월드컵","20020605000000","I","2018-08-31 23:59:59.0","스텐드바","211154.18803842     ","448580.889486458    ","스텐드바","2","1","유흥업소밀집지역","을","상수도전용","","","","","","","","","N","161.82","","",""
"3240000","3240000-102-1984-05550","19841002","","03","폐업","02","폐업","19940302","","","","0204780570","221.50","134814","서울특별시 강동구 길동 456-5번지 ","","","우산속","20020605000000","I","2018-08-31 23:59:59.0","비어(바)살롱","212077.520125302    ","448133.160121928    ","비어(바)살롱","5","15","유흥업소밀집지역","을","상수도전용","","","","","","","","","N","221.5","","",""
"3240000","3240000-102-1984-05551","19840328","","03","폐업","02","폐업","19910809","","","","0204858062","17.34","134864","서울특별시 강동구 천호동 163-8번지 ","","","써니","20020824000000","I","2018-08-31 23:59:59.0","비어(바)살롱","211681.146939902    ","448411.061561332    ","비어(바)살롱","1","1","유흥업소밀집지역","을","상수도전용","","","","","","","","","N","17.34","","",""
"3240000","3240000-102-1984-05552","19840418","","03","폐업","02","폐업","20010205","","","","02","127.68","134874","서울특별시 강동구 천호동 427-29번지 32 ","","","멀티","20010205000000","I","2018-08-31 23:59:59.0","비어(바)살롱","211033.50025702     ","448588.893143295    ","비어(바)살롱","0","0","유흥업소밀집지역","자율","상수도전용","","","","","","","","","N","127.68","","",""
"3240000","3240000-102-1984-05553","19840329","","03","폐업","02","폐업","19910809","","","","0204766902","26.60","134864","서울특별시 강동구 천호동 163-8번지 ","","","황제","20020605000000","I","2018-08-31 23:59:59.0","비어(바)살롱","211681.146939902    ","448411.061561332    ","비어(바)살롱","1","1","유흥업소밀집지역","을","상수도전용","","","","","","","","","N","26.6","","",""
"3240000","3240000-102-1984-05555","19841005","","03","폐업","02","폐업","20080421","","","","02 4780570","715.16","134873","서울특별시 강동구 천호동 419-3번지 ","","","팽고팽고","20080128152012","I","2018-08-31 23:59:59.0","비어(바)살롱","211122.336085013    ","448641.392175021    ","비어(바)살롱","2","1","유흥업소밀집지역","을","상수도전용","","","","","","","","","N","715.16","","",""
"3240000","3240000-102-1984-05561","19841224","","03","폐업","02","폐업","19970502","","","","02 4853235","1253.29","134874","서울특별시 강동구 천호동 454-2번지 ","","","관광호텔목산나이트클럽","20020605000000","I","2018-08-31 23:59:59.0","관광호텔나이트(디스코)","211027.8338921      ","448547.246478759    ","관광호텔나이트(디스코)","1","1","유흥업소밀집지역","을","상수도전용","","","","","","","","","N","1253.29","","",""
"3240000","3240000-102-1984-05567","19840605","","03","폐업","02","폐업","19990512","","","","02","150.00","134874","서울특별시 강동구 천호동 430-4번지 ","","","우진","19990512000000","I","2018-08-31 23:59:59.0","스텐드바","210968.920656       ","448573.940133       ","스텐드바","1","1","유흥업소밀집지역","을","상수도전용","","","","","","","","","N","150","","",""
"3240000","3240000-102-1984-05608","19841110","","03","폐업","02","폐업","20120531","","","","02 4705959","1050.52","134869","서울특별시 강동구 천호동 355-0번지 ","","","메트로","20110308153555","I","2018-08-31 23:59:59.0","고고(디스코)클럽","210967.904977713    ","448818.465138021    ","고고(디스코)클럽","27","16","유흥업소밀집지역","을","상수도전용","","","","","","","","","N","1050.52","","",""
"3240000","3240000-102-1985-05527","19851002","","03","폐업","02","폐업","20030613","","","","02 4820520","183.00","134814","서울특별시 강동구 길동 412-8번지 ","","","모델","20020716000000","I","2018-08-31 23:59:59.0","룸살롱","212241.599163626    ","448298.45939367     ","룸살롱","0","0","기타","기타","상수도전용","","","","","","","","","N","183","","",""
"3240000","3240000-102-1985-05533","19851207","","03","폐업","02","폐업","20090526","","","","02 4760022","733.78","134874","서울특별시 강동구 천호동 454-15번지 ","","","샴푸나이트","20080821170225","I","2018-08-31 23:59:59.0","카바레","211096.952458378    ","448450.575807613    ","카바레","","","","","","","","","","","","","","N","733.78","","",""
"3240000","3240000-102-1985-05535","19850313","","03","폐업","02","폐업","19921103","","","","0204750010","53.94","134872","서울특별시 강동구 천호동 416-9번지 ","","","돌고래","20020605000000","I","2018-08-31 23:59:59.0","룸살롱","211068.779600194    ","448627.271618704    ","룸살롱","0","0","유흥업소밀집지역","을","상수도전용","","","","","","","","","N","53.94","","",""
"3240000","3240000-102-1985-05538","19851103","","03","폐업","02","폐업","19940302","","","","0204737676","92.37","134880","서울특별시 강동구 길동 389-4번지 ","","","파레스","20020605000000","I","2018-08-31 23:59:59.0","룸살롱","212237.193846835    ","448335.191890672    ","룸살롱","3","1","유흥업소밀집지역","을","상수도전용","","","","","","","","","N","92.37","","",""
"3240000","3240000-102-1985-05546","19850603","","03","폐업","02","폐업","20140428","","","","02 4709951","499.06","134814","서울특별시 강동구 길동 414-1번지 ","서울특별시 강동구 천호대로175길 58 (길동)","05353","돌고래","20130219154650","I","2018-08-31 23:59:59.0","룸살롱","212102.541821818    ","448338.998117904    ","룸살롱","2","0","유흥업소밀집지역","을","상수도전용","","","","","","","","","N","499.06","","",""
"3240000","3240000-102-1985-05554","19850112","","03","폐업","02","폐업","19910523","","","","0204775553","133.20","134874","서울특별시 강동구 천호동 455-20번지 ","","","파파","20020605000000","I","2018-08-31 23:59:59.0","비어(바)살롱","","","비어(바)살롱","2","1","유흥업소밀집지역","을","상수도전용","","","","","","","","","N","133.2","","0",""
"3240000","3240000-102-1985-05557","19851210","","03","폐업","02","폐업","20180704","","","","02  474 5608","95.51","134020","서울특별시 강동구 천호동 430-1번지 3 ","서울특별시 강동구 올림픽로70길 25 (천호동3)","05328","이꼬이꼬","20180704112529","I","2018-08-31 23:59:59.0","룸살롱","210977.157996199    ","448582.357085194    ","룸살롱","2","1","유흥업소밀집지역","자율","상수도전용","","","","","","","","","Y","95.51","","",""
"3240000","3240000-102-1985-05569","19850918","","01","영업/정상","01","영업","","","","","","109.46","134871","서울특별시 강동구 천호동 410-159번지 ","서울특별시 강동구 진황도로 32 (천호동)","05336","씨티","20171201172421","I","2018-08-31 23:59:59.0","스텐드바","211460.016588821    ","448507.138495635    ","스텐드바","","","","","","","","","","","","","","Y","109.46","","",""
"3240000","3240000-102-1985-05570","19850216","","03","폐업","02","폐업","20031128","","","","02 4782366","105.77","134873","서울특별시 강동구 천호동 418-7번지 417-89 ","","","IMF(아이엠에프)","20030206000000","I","2018-08-31 23:59:59.0","룸살롱","211135.641968897    ","448731.083107351    ","룸살롱","2","2","유흥업소밀집지역","을","상수도전용","","","","","","","","","N","105.77","","",""
"3240000","3240000-102-1985-05571","19851120","","01","영업/정상","01","영업","","","","","02  486 5185","111.40","134871","서울특별시 강동구 천호동 550-9번지 ","서울특별시 강동구 진황도로 5 (천호동)","05334","아쭈포차","20190212174656","U","2019-02-14 02:40:00.0","간이주점","211286.867447021    ","448670.445916084    ","간이주점","0","0","","","","","","","","","","","","Y","111.4","","",""
"3240000","3240000-102-1985-05577","19850325","","03","폐업","02","폐업","20160530","","","","02 4715551","743.62","134880","서울특별시 강동구 길동 389-2번지 ","서울특별시 강동구 양재대로 1471 (길동)","05353","세일세일노래주점","20140210093024","I","2018-08-31 23:59:59.0","룸살롱","212251.603548884    ","448345.727351302    ","룸살롱","25","23","유흥업소밀집지역","을","상수도전용","","","","","","","","","N","743.62","","",""
"3240000","3240000-102-1985-10806","19850322","","03","폐업","02","폐업","20080328","","","","02 4753421","475.39","134864","서울특별시 강동구 천호동 452-3번지 ","","","신세계회관","20061208000000","I","2018-08-31 23:59:59.0","카바레","211261.468606267    ","448409.006712386    ","카바레","","","","","","","","","","","","","","N","475.39","","",""
"3240000","3240000-102-1986-05518","19860715","","01","영업/정상","01","영업","","","","","02  488 0224","81.36","134814","서울특별시 강동구 길동 413-13번지 ","서울특별시 강동구 진황도로 103 (길동)","05353","왕초","20200601110134","U","2020-06-04 02:40:00.0","룸살롱","212117.206942934    ","448171.400384865    ","룸살롱","","","","","","","","","","","","","","Y","81.36","","",""
"3240000","3240000-102-1986-05562","19861015","","03","폐업","02","폐업","19900601","","","","0204708251","983.13","134874","서울특별시 강동구 천호동 454-2번지 ","","","유니버스호텔나이트","20020605000000","I","2018-08-31 23:59:59.0","관광호텔나이트(디스코)","211027.8338921      ","448547.246478759    ","관광호텔나이트(디스코)","29","2","유흥업소밀집지역","갑","상수도전용","","","","","","","","","N","983.13","","",""
"3240000","3240000-102-1986-05572","19860131","","03","폐업","02","폐업","19920919","","","","0204730629","799.32","134873","서울특별시 강동구 천호동 420-6번지 ","","","극장식스텐드바몽몽","20020605000000","I","2018-08-31 23:59:59.0","스텐드바","211157.141625897    ","448650.43192852     ","스텐드바","3","3","유흥업소밀집지역","기타","상수도전용","","","","","","","","","N","799.32","","",""
"3240000","3240000-102-1986-05574","19860414","","03","폐업","02","폐업","19930722","","","","0204830072","284.12","134864","서울특별시 강동구 천호동 451-0번지 ","","","관광열차","20020605000000","I","2018-08-31 23:59:59.0","스텐드바","211330.148489184    ","448364.45842256     ","스텐드바","1","2","유흥업소밀집지역","을","상수도전용","","","","","","","","","N","284.12","","",""
"3240000","3240000-102-1986-05575","19860927","","03","폐업","02","폐업","19900601","","","","0204886011","55.72","134874","서울특별시 강동구 천호동 454-1번지 ","","","호텔목산스카이라운지","20020605000000","I","2018-08-31 23:59:59.0","스텐드바","211025.924972294    ","448495.189151526    ","스텐드바","1","1","유흥업소밀집지역","자율","상수도전용","","","","","","","","","N","55.72","","",""
"3240000","3240000-102-1986-05578","19860414","","03","폐업","02","폐업","20000314","","","","02","311.89","134814","서울특별시 강동구 길동 413-50번지 ","","","현대캬바레","20020605000000","I","2018-08-31 23:59:59.0","카바레","212127.772315316    ","448197.171823144    ","카바레","2","0","유흥업소밀집지역","을","상수도전용","","","","","","","","","N","311.89","","",""
"3240000","3240000-102-1986-05579","19861107","","01","영업/정상","01","영업","","","","","02 4886463","314.80","134814","서울특별시 강동구 길동 415-18 호텔아르고 ","서울특별시 강동구 진황도로 93 호텔아르고 3층 (길동)","05354","하루","20201207213950","U","2020-12-09 02:40:00.0","룸살롱","212025.713738228    ","448227.378064025    ","룸살롱","6","0","유흥업소밀집지역","을","상수도전용","","","","","","","","","Y","314.8","","",""
"3240000","3240000-102-1986-05586","19860604","","03","폐업","02","폐업","20120312","","","","02","386.42","134864","서울특별시 강동구 천호동 453-10번지 ","","","스타","20110622100523","I","2018-08-31 23:59:59.0","고고(디스코)클럽","211206.540974151    ","448438.130467194    ","고고(디스코)클럽","","","","","","","","","","","","","","N","386.42","","",""
"3240000","3240000-102-1986-05590","19860715","","03","폐업","02","폐업","20080204","","","","02","888.81","134814","서울특별시 강동구 길동 459-3번지 ","","","호박관광나이트","20080128152318","I","2018-08-31 23:59:59.0","고고(디스코)클럽","212143.778930005    ","448048.253831401    ","고고(디스코)클럽","24","5","유흥업소밀집지역","을","상수도전용","","","","","","","","","N","888.81","","",""
"3240000","3240000-102-1987-05515","19870209","","03","폐업","02","폐업","20210730","","","","02 4886540","207.97","134814","서울특별시 강동구 길동 412-15 ","서울특별시 강동구 양재대로 1463-1 (길동)","05353","대명","20210730134722","U","2021-08-01 02:40:00.0","룸살롱","212239.908968756    ","448270.008555311    ","룸살롱","0","0","","","","0","0","0","0","0","","0","0","Y","207.97","","",""
"3240000","3240000-102-1987-05564","19871005","","03","폐업","02","폐업","19990311","","","","02 4742211","828.84","134814","서울특별시 강동구 길동 459-2번지 ","","","연예인째즈크럽","20020605000000","I","2018-08-31 23:59:59.0","스텐드바","212111.336830711    ","448059.842030801    ","스텐드바","10","1","유흥업소밀집지역","을","상수도전용","","","","","","","","","N","828.84","","",""
"3240000","3240000-102-1987-05580","19870513","","03","폐업","02","폐업","20030507","","","","02 4715006","1759.60","134874","서울특별시 강동구 천호동 425-5번지 ","","","둥근달회관","20020605000000","I","2018-08-31 23:59:59.0","카바레","210970.75707265     ","448713.31669728     ","카바레","34","11","유흥업소밀집지역","을","상수도전용","","","","","","","","","N","1759.6","","",""
"3240000","3240000-102-1987-05581","19870928","","03","폐업","02","폐업","19990311","","","","0204884600","657.49","134814","서울특별시 강동구 길동 459-2번지 ","","","정통나이트클럽로드타운","20020605000000","I","2018-08-31 23:59:59.0","고고(디스코)클럽","212111.336830711    ","448059.842030801    ","고고(디스코)클럽","25","1","유흥업소밀집지역","기타","상수도전용","","","","","","","","","N","657.49","","",""
"3240000","3240000-102-1987-05589","19870615","","03","폐업","02","폐업","20000731","","","","02 4761838","1735.16","134874","서울특별시 강동구 천호동 425-5번지 ","","","동양회관","20020605000000","I","2018-08-31 23:59:59.0","고고(디스코)클럽","210970.75707265     ","448713.31669728     ","고고(디스코)클럽","8","1","유흥업소밀집지역","을","상수도전용","","","","","","","","","N","1735.16","","",""
"3240000","3240000-102-1988-05531","19880407","","03","폐업","02","폐업","20210916","","","","02 4791818","205.58","134814","서울특별시 강동구 길동 412-15 ","서울특별시 강동구 양재대로 1463-1 (길동)","05353","카라","20210929091545","U","2021-10-01 02:40:00.0","룸살롱","212239.908968756    ","448270.008555311    ","룸살롱","0","0","","","","0","0","0","0","0","","0","0","Y","205.58","","",""
"3240000","3240000-102-1988-05545","19880421","","03","폐업","02","폐업","19920919","","","","0204828627","483.61","134874","서울특별시 강동구 천호동 429-2번지 ","","","스타스텐드바","20020605000000","I","2018-08-31 23:59:59.0","스텐드바","210903.504701667    ","448633.287206952    ","스텐드바","1","2","유흥업소밀집지역","을","상수도전용","","","","","","","","","N","483.61","","",""
"3240000","3240000-102-1988-05583","19880714","","03","폐업","02","폐업","19930524","","","","0204887711","471.93","134864","서울특별시 강동구 천호동 453-14번지 ","","","쇼2","20020605000000","I","2018-08-31 23:59:59.0","고고(디스코)클럽","211184.908454545    ","448405.548512088    ","고고(디스코)클럽","13","1","유흥업소밀집지역","을","상수도전용","","","","","","","","","N","471.93","","",""
"3240000","3240000-102-1988-05587","19881029","","03","폐업","02","폐업","19970422","","","","02 4836900","517.09","134873","서울특별시 강동구 천호동 419-3번지 ","","","엠티디스코나이트","20020605000000","I","2018-08-31 23:59:59.0","고고(디스코)클럽","211122.336085013    ","448641.392175021    ","고고(디스코)클럽","5","27","유흥업소밀집지역","을","상수도전용","","","","","","","","","N","517.09","","",""
"3240000","3240000-102-1989-05511","19890825","","03","폐업","02","폐업","20171208","","","","02 4858487","139.96","134880","서울특별시 강동구 길동 387-2번지 지하1층 ","서울특별시 강동구 천중로40길 67 (길동)","","동경","20171208142922","I","2018-08-31 23:59:59.0","룸살롱","212131.988458674    ","448436.199916542    ","룸살롱","","","","","","","","","","","","","","Y","139.96","","",""
"3240000","3240000-102-1989-05559","19891007","","03","폐업","02","폐업","20130122","","","","02 4723233","78.18","134880","서울특별시 강동구 길동 387-1번지 ","","","파라오","20110509180324","I","2018-08-31 23:59:59.0","룸살롱","212136.45903212     ","448450.725351294    ","룸살롱","","","","","","","","","","","","","","N","78.18","","",""
"3240000","3240000-102-1989-05560","19890817","","03","폐업","02","폐업","20080619","","","","02 4707734","690.90","134814","서울특별시 강동구 길동 412-12번지 ","","","홍콩B.S클럽","20080128152517","I","2018-08-31 23:59:59.0","고고(디스코)클럽","212215.378259229    ","448196.85466049     ","고고(디스코)클럽","0","0","기타","기타","상수도전용","","","","","","","","","N","690.9","","",""
"3240000","3240000-102-1990-05522","19900530","","03","폐업","02","폐업","20190725","","","","","198.65","134814","서울특별시 강동구 길동 416-20번지 지하1층 ","서울특별시 강동구 천호대로173길 39 (길동)","05354","크리스탈","20190725144625","U","2019-07-27 02:40:00.0","룸살롱","211930.761400868    ","448304.91024181     ","룸살롱","","","","","","","","","","","","","","Y","198.65","","",""
"3240000","3240000-102-1990-05537","19900521","","03","폐업","02","폐업","20211012","","","","02  477 9333","391.69","134814","서울특별시 강동구 길동 456-1 ","서울특별시 강동구 진황도로 98 (길동)","05355","국빈","20211012140118","U","2021-10-14 02:40:00.0","룸살롱","212053.611075047    ","448162.308765932    ","룸살롱","15","12","유흥업소밀집지역","기타","상수도전용","0","0","0","0","0","","0","0","Y","391.69","","",""
"3240000","3240000-102-1990-05556","19900522","","01","영업/정상","01","영업","","","","","02 4864214","284.35","134845","서울특별시 강동구 성내동 417-5번지 ","서울특별시 강동구 풍성로 210 (성내동)","05404","발리","20171207100242","I","2018-08-31 23:59:59.0","비어(바)살롱","211855.041782136    ","447431.586848941    ","비어(바)살롱","","","","","","","","","","","","","","Y","284.35","","",""
"3240000","3240000-102-1990-05558","19900626","","01","영업/정상","01","영업","","","","","02  471 0670","245.37","134880","서울특별시 강동구 길동 387-14","서울특별시 강동구 천중로40길 71 지1층 (길동)","05353","키스","20220613164640","U","2021-12-05 23:06:00.0","룸살롱","212125.010955053","448412.683729269","","","","","","","","","","","","","","","","","","",""
"3240000","3240000-102-1990-05563","19900425","","01","영업/정상","01","영업","","","","","02 4770010","1037.66","134814","서울특별시 강동구 길동 459-2 ","서울특별시 강동구 천호대로 1135 (길동)","05355","찬스","20211108152547","U","2021-11-10 02:40:00.0","고고(디스코)클럽","212111.336830711    ","448059.842030801    ","고고(디스코)클럽","","","","","","","","","","","","","","Y","1037.66","","",""
"3240000","3240000-102-1990-05573","19900309","","03","폐업","02","폐업","19980501","","","","02 4725599","177.00","134814","서울특별시 강동구 길동 455-0번지 ","","","한가락","20020605000000","I","2018-08-31 23:59:59.0","스텐드바","211994.96973718     ","448095.346236752    ","스텐드바","16","3","유흥업소밀집지역","기타","상수도전용","","","","","","","","","N","177","","",""
"3240000","3240000-102-1999-05510","19991111","","03","폐업","02","폐업","19991111","","","","02","621.74","134880","서울특별시 강동구 길동 389-2번지 ","","","멕시코스탠드바","20020605000000","I","2018-08-31 23:59:59.0","룸살롱","212251.603548884    ","448345.727351302    ","룸살롱","0","0","기타","기타","상수도전용","","","","","","","","","N","621.74","","",""
"3240000","3240000-102-1999-05548","19990115","","03","폐업","02","폐업","20200416","","","","02 4873100","135.92","134814","서울특별시 강동구 길동 458-0번지 지하1층 ","서울특별시 강동구 진황도로 104 (길동)","05355","해성","20200416132038","U","2020-04-18 02:40:00.0","스텐드바","212104.475455885    ","448133.185682445    ","스텐드바","1","1","유흥업소밀집지역","을","상수도전용","","","","","","","","","Y","135.92","","",""
"3240000","3240000-102-1999-10528","19990427","","01","영업/정상","01","영업","","","","","02 4880084","684.56","134814","서울특별시 강동구 길동 459-2 ","서울특별시 강동구 천호대로 1135 (길동)","05355","천지회관","20210426143334","U","2021-04-28 02:40:00.0","카바레","212111.336830711    ","448059.842030801    ","카바레","0","0","유흥업소밀집지역","기타","상수도전용","","","","","","","","","Y","684.56","","",""
"3240000","3240000-102-1999-10594","19990515","","01","영업/정상","01","영업","","","","","02 4872184","360.07","134814","서울특별시 강동구 길동 412-12번지 ","서울특별시 강동구 양재대로 1457 (길동)","05353","무지개","20200203162741","U","2020-02-05 02:40:00.0","룸살롱","212215.378259229    ","448196.85466049     ","룸살롱","","","","","","","","","","","","","","Y","360.07","","",""
"3240000","3240000-102-1999-10632","19990529","","03","폐업","02","폐업","19990927","","","","02","279.93","134864","서울특별시 강동구 천호동 451-0번지 ","","","태양","19990927000000","I","2018-08-31 23:59:59.0","카바레","211330.148489184    ","448364.45842256     ","카바레","1","2","유흥업소밀집지역","기타","상수도전용","","","","","","","","","N","279.93","","",""
"3240000","3240000-102-1999-10643","19990603","","01","영업/정상","01","영업","","","","","02 4716600","103.88","134020","서울특별시 강동구 천호동 454-25 2627(3층) ","서울특별시 강동구 올림픽로70길 50 (천호동2627(3층))","05329","이꼬이꼬","20220225090609","U","2022-02-27 02:40:00.0","룸살롱","211096.128611472    ","448552.653771988    ","룸살롱","0","0","","","","0","0","0","0","0","","0","0","Y","103.88","","",""
"3240000","3240000-102-1999-10676","19990618","","01","영업/정상","01","영업","","","","","02 4835077","93.12","134814","서울특별시 강동구 길동 450-1","서울특별시 강동구 천호대로175길 11-8 (길동)","05355","플레이","20220829090842","U","2021-12-07 21:01:00.0","룸살롱","211985.557965054","448157.196293458","","","","","","","","","","","","","","","","","","",""
"3240000","3240000-102-1999-10713","19990702","","03","폐업","02","폐업","20110504","","","","02 4870072","95.11","134880","서울특별시 강동구 길동 386-4번지 ","","","에버그린","20061120000000","I","2018-08-31 23:59:59.0","룸살롱","212087.2715         ","448423.5995         ","룸살롱","0","0","유흥업소밀집지역","자율","상수도전용","","","","","","","","","N","95.11","","",""
"3240000","3240000-102-1999-10863","19990831","","01","영업/정상","01","영업","","","","","02 4751113","130.38","134880","서울특별시 강동구 길동 387-15번지 ","서울특별시 강동구 양재대로111길 32 (길동)","05353","애플","20171211100121","I","2018-08-31 23:59:59.0","비어(바)살롱","212119.739195363    ","448370.122306423    ","비어(바)살롱","","","","","","","","","","","","","","Y","130.38","","",""
"3240000","3240000-102-1999-10883","19990906","","03","폐업","02","폐업","20030530","","","","02 2263114","717.75","134874","서울특별시 강동구 천호동 425-5번지 ","","","태평양노래광장주점","20020103000000","I","2018-08-31 23:59:59.0","룸살롱","210970.75707265     ","448713.31669728     ","룸살롱","0","0","유흥업소밀집지역","기타","상수도전용","","","","","","","","","N","717.75","","",""
"3240000","3240000-102-1999-10944","19991001","","01","영업/정상","01","영업","","","","","02 4777478","163.44","134814","서울특별시 강동구 길동 413-44번지 ","서울특별시 강동구 양재대로109길 7 (길동)","05353","돌풍","20171201171409","I","2018-08-31 23:59:59.0","룸살롱","212190.031234497    ","448197.496798765    ","룸살롱","","","","","","","","","","","","","","Y","163.44","","",""
"3240000","3240000-102-1999-11023","19991101","","03","폐업","02","폐업","20121005","","","","02 7840867","153.35","134880","서울특별시 강동구 길동 387-13번지 ","","","미인","20080801174038","I","2018-08-31 23:59:59.0","룸살롱","212128.633600978    ","448424.890472982    ","룸살롱","","","","","","","","","","","","","","N","153.35","","",""
"3240000","3240000-102-1999-11037","19991103","","03","폐업","02","폐업","20100901","","","","02 4844155","54.92","134814","서울특별시 강동구 길동 415-16번지 ","","","러쉬","20081203100953","I","2018-08-31 23:59:59.0","룸살롱","211990.349438187    ","448244.56352914     ","룸살롱","","","","","","","","","","","","","","N","54.92","","",""
"3240000","3240000-102-1999-11044","19991105","","01","영업/정상","01","영업","","","","","02 4848411","277.20","134814","서울특별시 강동구 길동 414-1번지 ","서울특별시 강동구 천호대로175길 58 (길동)","05353","눈사람","20190307120012","U","2019-03-09 02:40:00.0","룸살롱","212102.541821818    ","448338.998117904    ","룸살롱","","","","","","","","","","","","","","Y","277.2","","",""
"3240000","3240000-102-1999-11046","19991106","","01","영업/정상","01","영업","","","","","02 4770018","62.55","134814","서울특별시 강동구 길동 458-2 ","서울특별시 강동구 천호대로177길 16 (길동)","05355","황제","20210208111915","U","2021-02-10 02:40:00.0","룸살롱","212105.982273849    ","448110.885016364    ","룸살롱","0","0","유흥업소밀집지역","기타","상수도전용","","","","","","","","","Y","62.55","","",""
"3240000","3240000-102-1999-11069","19991112","","01","영업/정상","01","영업","","","","","0291147133","261.32","134010","서울특별시 강동구 길동 412-11번지 16 ","서울특별시 강동구 양재대로 1459 (길동16)","05353","황제비지니스","20181116174253","U","2018-11-18 02:35:50.0","룸살롱","212211.012072968    ","448223.719322388    ","룸살롱","4","4","유흥업소밀집지역","자율","상수도전용","","","","","","","","","Y","261.32","","",""
"3240000","3240000-102-1999-11113","19991123","","03","폐업","02","폐업","20061221","","","","02","124.61","134814","서울특별시 강동구 길동 414-10번지 지하 ","","","풀코스","20011213000000","I","2018-08-31 23:59:59.0","룸살롱","212081.019857419    ","448209.124823551    ","룸살롱","0","0","유흥업소밀집지역","기타","상수도전용","","","","","","","","","N","124.61","","",""
"3240000","3240000-102-1999-11192","19991218","","03","폐업","02","폐업","20041108","","","","02 7950298","198.79","134864","서울특별시 강동구 천호동 449-49번지 ","","","도우미노래마당주점","20020114000000","I","2018-08-31 23:59:59.0","룸살롱","211542.314116941    ","448273.114107211    ","룸살롱","2","3","유흥업소밀집지역","기타","상수도전용","","","","","","","","","N","198.79","","",""
"3240000","3240000-102-2000-11243","20000103","","01","영업/정상","01","영업","","","","","02 4849990","85.75","134814","서울특별시 강동구 길동 459-4","서울특별시 강동구 양재대로 1441 지1층 (길동)","05355","자유인 Free Man","20220623135803","U","2021-12-05 22:05:00.0","룸살롱","212167.305369751","448056.976813355","","","","","","","","","","","","","","","","","","",""
"3240000","3240000-102-2000-11289","20000210","","03","폐업","02","폐업","20040525","","","","02 4773340","102.91","134814","서울특별시 강동구 길동 454-0번지 ","","","선경","20011116000000","I","2018-08-31 23:59:59.0","룸살롱","211952.657180259    ","448107.220992791    ","룸살롱","2","1","유흥업소밀집지역","기타","상수도전용","","","","","","","","","N","102.91","","",""
"3240000","3240000-102-2000-11319","20000224","","03","폐업","02","폐업","20110823","","","","02 4761834","151.68","134814","서울특별시 강동구 길동 413-8번지 ","","","해인","20110321154244","I","2018-08-31 23:59:59.0","룸살롱","212150.883433253    ","448284.089901317    ","룸살롱","0","0","유흥업소밀집지역","기타","상수도전용","","","","","","","","","N","151.68","","",""
"3240000","3240000-102-2000-11339","20000309","","03","폐업","02","폐업","20070115","","","","02 4735000","86.56","134872","서울특별시 강동구 천호동 417-5번지 5(1호) ","","","왕과비","20000309000000","I","2018-08-31 23:59:59.0","룸살롱","211097.206540465    ","448699.106509461    ","룸살롱","0","0","유흥업소밀집지역","기타","","","","","","","","","","N","86.56","","",""
"3240000","3240000-102-2000-11344","20000313","","03","폐업","02","폐업","20000524","","","","02 4848723","102.00","134814","서울특별시 강동구 길동 458-6번지 ","","","비지니스크럽","20010320000000","I","2018-08-31 23:59:59.0","룸살롱","212102.520890186    ","448099.228692808    ","룸살롱","0","0","유흥업소밀집지역","기타","상수도전용","","","","","","","","","N","102","","",""
"3240000","3240000-102-2000-11437","20000417","","01","영업/정상","01","영업","","","","","02 4865494","220.72","134814","서울특별시 강동구 길동 447-1번지 ","서울특별시 강동구 진황도로 92 (길동)","05355","태평양","20200327103011","U","2020-03-29 02:40:00.0","룸살롱","211986.914896269    ","448201.841635941    ","룸살롱","","","","","","","","","","","","","","Y","220.72","","",""
"3240000","3240000-102-2000-11593","20000612","","03","폐업","02","폐업","20070115","","","","02791-7335","130.68","134864","서울특별시 강동구 천호동 453-14번지 ","","","클럽아이","20000612000000","I","2018-08-31 23:59:59.0","룸살롱","211184.908454545    ","448405.548512088    ","룸살롱","0","0","유흥업소밀집지역","기타","상수도전용","","","","","","","","","N","130.68","","",""
"3240000","3240000-102-2000-11604","20000615","","01","영업/정상","01","영업","","","","","02 4735027","98.00","134814","서울특별시 강동구 길동 413-20 ","서울특별시 강동구 진황도로43길 9 (길동)","05353","어우동","20200729140608","U","2020-07-31 02:40:00.0","룸살롱","212154.72436862     ","448181.234249187    ","룸살롱","","","","","","","","","","","","","","Y","98","","",""
"3240000","3240000-102-2000-11622","20000623","","01","영업/정상","01","영업","","","","","02 4718816","97.98","134814","서울특별시 강동구 길동 413-14 ","서울특별시 강동구 진황도로43길 3 (길동)","05353","명월","20200708115123","U","2020-07-10 02:40:00.0","룸살롱","212135.833474135    ","448176.323180125    ","룸살롱","","","","","","","","","","","","","","Y","97.98","","",""
"3240000","3240000-102-2000-11628","20000626","","03","폐업","02","폐업","20030424","","","","02 4895511","361.12","134814","서울특별시 강동구 길동 459-2번지 ","","","비지니스","20021030000000","I","2018-08-31 23:59:59.0","룸살롱","212111.336830711    ","448059.842030801    ","룸살롱","0","0","기타","기타","상수도전용","","","","","","","","","N","361.12","","",""
"3240000","3240000-102-2000-11629","20000626","","03","폐업","02","폐업","20010421","","","","02 4747789","245.57","134814","서울특별시 강동구 길동 459-2번지 5층호","","","다모아스탠드빠","20010423000000","I","2018-08-31 23:59:59.0","스텐드바","212111.336830711    ","448059.842030801    ","스텐드바","0","0","기타","기타","상수도전용","","","","","","","","","N","245.57","","",""
"3240000","3240000-102-2000-11663","20000704","","03","폐업","02","폐업","20010915","","","","02","196.86","134825","서울특별시 강동구 명일동 47-4번지 ","","","센스","20010915000000","I","2018-08-31 23:59:59.0","스텐드바","213640.278266791    ","450219.030003409    ","스텐드바","0","0","유흥업소밀집지역","기타","","","","","","","","","","N","196.86","","",""
"3240000","3240000-102-2000-11669","20000706","","03","폐업","02","폐업","20100901","","","","","217.39","134814","서울특별시 강동구 길동 459-0번지 ","","","신바람노래광장","20080204105701","I","2018-08-31 23:59:59.0","룸살롱","212091.841625862    ","448085.317977558    ","룸살롱","","","","","","","","","","","","","","N","217.39","","",""
"3240000","3240000-102-2000-11710","20000724","","01","영업/정상","01","영업","","","","","02 4776454","97.54","134020","서울특별시 강동구 천호동 454-3번지 4 ","서울특별시 강동구 올림픽로70길 44 (천호동4)","05328","파랑새(노래)","20180601164450","I","2018-08-31 23:59:59.0","룸살롱","211069.445740714    ","448556.050771092    ","룸살롱","","","","","","","","","","","","","","Y","97.54","","",""
"3240000","3240000-102-2000-11751","20000810","","03","폐업","02","폐업","20150529","","","","02 4872836","134.18","134814","서울특별시 강동구 길동 416-17번지 ","서울특별시 강동구 천호대로173길 41 (길동)","05354","에바","20100906174635","I","2018-08-31 23:59:59.0","룸살롱","211934.042973693    ","448316.094469385    ","룸살롱","","","","","","","","","","","","","","N","134.18","","",""
"3240000","3240000-102-2000-11762","20000821","","01","영업/정상","01","영업","","","","","02  487 9510","73.09","134814","서울특별시 강동구 길동 448-1번지 ","서울특별시 강동구 진황도로 94 (길동)","05355","명동노래주점","20180420152316","I","2018-08-31 23:59:59.0","룸살롱","212005.336582581    ","448190.898723758    ","룸살롱","0","0","유흥업소밀집지역","기타","상수도전용","","","","","","","","","Y","73.09","","",""
"3240000","3240000-102-2000-11781","20000825","","03","폐업","02","폐업","20051111","","","","02 4832929","635.00","134864","서울특별시 강동구 천호동 451-0번지 ","","","G.쎄븐","20041103000000","I","2018-08-31 23:59:59.0","고고(디스코)클럽","211330.148489184    ","448364.45842256     ","고고(디스코)클럽","0","0","유흥업소밀집지역","자율","상수도전용","","","","","","","","","N","635","","",""
"3240000","3240000-102-2000-11829","20000920","","03","폐업","02","폐업","20110905","","","","027698  06","149.56","134814","서울특별시 강동구 길동 414-4번지 202호 ","","","신바람","20080128153822","I","2018-08-31 23:59:59.0","룸살롱","212078.284279369    ","448257.541433568    ","룸살롱","0","0","유흥업소밀집지역","자율","상수도전용","","","","","","","","","N","149.56","","",""
"3240000","3240000-102-2000-11932","20001025","","03","폐업","02","폐업","20040221","","","","02 4859360","132.24","134874","서울특별시 강동구 천호동 427-3번지 ","","","보물섬","20010917000000","I","2018-08-31 23:59:59.0","룸살롱","210935.038615054    ","448663.480515858    ","룸살롱","2","5","유흥업소밀집지역","기타","상수도전용","","","","","","","","","N","132.24","","",""
"3240000","3240000-102-2000-11976","20001110","","01","영업/정상","01","영업","","","","","02 4779339","91.80","134814","서울특별시 강동구 길동 454-1번지 일성오피스텔 지하 109호 ","서울특별시 강동구 천호대로 1121 (길동일성오피스텔 지하 109호)","05355","엠비씨노래주점","20171201171029","I","2018-08-31 23:59:59.0","룸살롱","211980.248325806    ","448111.060277943    ","룸살롱","","","","","","","","","","","","","","Y","91.8","","",""
"3240000","3240000-102-2000-11999","20001118","","01","영업/정상","01","영업","","","","","02 4867741","147.80","134814","서울특별시 강동구 길동 413-50 ","서울특별시 강동구 천호대로177길 34 (길동)","05353","리꼴라노래광장주점","20200713170327","U","2020-07-15 02:40:00.0","룸살롱","212127.772315316    ","448197.171823144    ","룸살롱","0","0","유흥업소밀집지역","자율","상수도전용","","","","","","","","","Y","147.8","","",""
"3240000","3240000-102-2000-12014","20001127","","01","영업/정상","01","영업","","","","","02 4848723","76.10","134814","서울특별시 강동구 길동 458-6 ","서울특별시 강동구 천호대로177길 16 (길동)","05355","신부마을","20201207213740","U","2020-12-09 02:40:00.0","룸살롱","212102.520890186    ","448099.228692808    ","룸살롱","","","","","","","","","","","","","","Y","76.1","","",""
"3240000","3240000-102-2000-12095","20001228","","01","영업/정상","01","영업","","","","","02 4710666","95.90","134880","서울특별시 강동구 길동 389-3번지 ","서울특별시 강동구 양재대로111길 10 (길동)","05353","허니 투 노래주점","20191209172724","U","2019-12-11 02:40:00.0","카바레","212226.105202273    ","448338.725550578    ","카바레","0","0","유흥업소밀집지역","자율","상수도전용","","","","","","","","","Y","95.9","","",""
"3240000","3240000-102-2000-12100","20001229","","03","폐업","02","폐업","20040503","","","","02 4827677","151.20","134880","서울특별시 강동구 길동 395-1번지 ","","","클릭비지니스크럽","20001229000000","I","2018-08-31 23:59:59.0","룸살롱","212421.262776122    ","448363.976905821    ","룸살롱","1","","유흥업소밀집지역","자율","상수도전용","","","","","","","","","N","151.2","","",""
"3240000","3240000-102-2001-12105","20010102","","01","영업/정상","01","영업","","","","","02 4850770","292.35","134814","서울특별시 강동구 길동 413-51","서울특별시 강동구 진황도로 105 (길동)","05353","퍼즐","20220831115213","U","2021-12-09 00:03:00.0","카바레","212142.229797249","448155.712949615","","","","","","","","","","","","","","","","","","",""
"3240000","3240000-102-2001-12128","20010117","","03","폐업","02","폐업","20040622","","","","02 4876947","198.40","134814","서울특별시 강동구 길동 413-50번지 ","","","요지경세상","20050201000000","I","2018-08-31 23:59:59.0","카바레","212127.772315316    ","448197.171823144    ","카바레","0","0","유흥업소밀집지역","자율","상수도전용","","","","","","","","","N","198.4","","",""
"3240000","3240000-102-2001-12211","20010208","","03","폐업","02","폐업","20150501","","","","02 4856090","370.60","134874","서울특별시 강동구 천호동 427-29번지 ","서울특별시 강동구 구천면로24길 28 (천호동)","05328","멀티노래방","20130903131031","I","2018-08-31 23:59:59.0","룸살롱","211033.50025702     ","448588.893143295    ","룸살롱","0","0","유흥업소밀집지역","자율","","","","","","","","","","N","370.6","","",""
"3240000","3240000-102-2001-12321","20010409","","03","폐업","02","폐업","20181030","","","","02 4787733","80.29","134814","서울특별시 강동구 길동 414-9번지 ","서울특별시 강동구 천호대로177길 41 (길동)","05353","대호노래주점","20181030174108","U","2018-11-01 02:37:14.0","룸살롱","212112.777293643    ","448266.564306193    ","룸살롱","","","","","","","","","","","","","","Y","80.29","","",""
"3240000","3240000-102-2001-12376","20010425","","01","영업/정상","01","영업","","","","","02 4744908","96.17","134814","서울특별시 강동구 길동 450-0번지 2층 ","서울특별시 강동구 천호대로175길 21 (길동2층)","05355","뉴첼로","20181024145939","U","2018-10-26 02:36:44.0","룸살롱","212011.067808719    ","448166.552513922    ","룸살롱","0","0","유흥업소밀집지역","관리","상수도전용","","","","","","","","","Y","96.17","","",""
"3240000","3240000-102-2001-12435","20010510","","03","폐업","02","폐업","20090528","","","","02 4874447","809.91","134872","서울특별시 강동구 천호동 413-1번지 지하1층 ","","","뉴보보스-나인","20081125093125","I","2018-08-31 23:59:59.0","고고(디스코)클럽","211185.18354777     ","448606.609911561    ","고고(디스코)클럽","","","","","","","","","","","","","","N","809.91","","",""
"3240000","3240000-102-2001-12448","20010514","","01","영업/정상","01","영업","","","","","02 4835993","158.00","134814","서울특별시 강동구 길동 413-13번지 ","서울특별시 강동구 진황도로 103 (길동)","05353","에이스","20190920100409","U","2019-09-22 02:40:00.0","룸살롱","212117.206942934    ","448171.400384865    ","룸살롱","0","0","유흥업소밀집지역","기타","","","","","","","","","","Y","158","","",""
"3240000","3240000-102-2001-12470","20010517","","03","폐업","02","폐업","20180413","","","","02 4755145","188.03","134871","서울특별시 강동구 천호동 550-12번지 ","서울특별시 강동구 진황도로 9 (천호동)","05334","시화노래꼴","20180413110037","I","2018-08-31 23:59:59.0","룸살롱","211315.020590071    ","448653.903297665    ","룸살롱","0","0","유흥업소밀집지역","관리","상수도전용","","","","","","","","","Y","188.03","","",""
"3240000","3240000-102-2001-12534","20010605","","03","폐업","02","폐업","20120529","","","","02 4878558","299.97","134814","서울특별시 강동구 길동 457-1번지 ","","","개구리","20120223143429","I","2018-08-31 23:59:59.0","룸살롱","212062.685873527    ","448097.972840302    ","룸살롱","0","0","유흥업소밀집지역","관리","상수도전용","","","","","","","","","N","299.97","","",""
"3240000","3240000-102-2001-12657","20010709","","03","폐업","02","폐업","20070517","","","","02 4763713","230.60","134814","서울특별시 강동구 길동 459-3번지 3층 ","","","뉴월드노래주점","20060609000000","I","2018-08-31 23:59:59.0","룸살롱","212143.778930005    ","448048.253831401    ","룸살롱","0","0","유흥업소밀집지역","기타","","","","","","","","","","N","230.6","","",""
"3240000","3240000-102-2001-12658","20010709","","03","폐업","02","폐업","20070515","","","","02 4763712","140.00","134814","서울특별시 강동구 길동 459-3번지 3층 ","","","뉴월드","20060104000000","I","2018-08-31 23:59:59.0","룸살롱","212143.778930005    ","448048.253831401    ","룸살롱","0","0","유흥업소밀집지역","기타","상수도전용","","","","","","","","","N","140","","",""
"3240000","3240000-102-2001-12659","20010709","","03","폐업","02","폐업","20070517","","","","02 4763711","255.60","134814","서울특별시 강동구 길동 459-3번지 3층 ","","","뉴월드2","20070116000000","I","2018-08-31 23:59:59.0","룸살롱","212143.778930005    ","448048.253831401    ","룸살롱","0","0","유흥업소밀집지역","기타","상수도전용","","","","","","","","","N","255.6","","",""
"3240000","3240000-102-2001-12761","20010818","","01","영업/정상","01","영업","","","","","02 4744447","157.58","134814","서울특별시 강동구 길동 447-1 2층 ","서울특별시 강동구 진황도로 92 (길동2층)","05355","이미지","20211227094657","U","2021-12-29 02:40:00.0","룸살롱","211986.914896269    ","448201.841635941    ","룸살롱","0","0","","","","0","0","0","0","0","","0","0","Y","157.58","","",""
"3240000","3240000-102-2001-12797","20010831","","03","폐업","02","폐업","20080325","","","","02 4850051","176.78","134814","서울특별시 강동구 길동 414-9번지 ","","","행운노래주점","20080128154521","I","2018-08-31 23:59:59.0","간이주점","212112.777293643    ","448266.564306193    ","간이주점","0","0","유흥업소밀집지역","기타","","","","","","","","","","N","176.78","","",""
"3240000","3240000-102-2001-12805","20010905","","03","폐업","02","폐업","20020430","","","","02 4833469","122.31","134814","서울특별시 강동구 길동 412-14번지 ","","","씨에프유흥주점","20020501000000","I","2018-08-31 23:59:59.0","룸살롱","212205.787403233    ","448264.640144162    ","룸살롱","","","유흥업소밀집지역","관리","상수도전용","","","","","","","","","N","122.31","","",""
"3240000","3240000-102-2001-12844","20010920","","01","영업/정상","01","영업","","","","","02 4858122","97.10","134874","서울특별시 강동구 천호동 454-39 ","서울특별시 강동구 올림픽로70길 52 (천호동)","05329","사또","20201204154354","U","2020-12-06 02:40:00.0","룸살롱","211110.487006337    ","448541.16245127     ","룸살롱","","","","","","","","","","","","","","Y","97.1","","",""
"3240000","3240000-102-2001-12879","20011005","","03","폐업","02","폐업","20160509","","","","","234.06","134825","서울특별시 강동구 명일동 47-17번지 (지하1층) ","서울특별시 강동구 동남로75길 13-21 (명일동(지하1층))","05269","준코노래타운","20130325095317","I","2018-08-31 23:59:59.0","룸살롱","213672.65981884     ","450127.038119298    ","룸살롱","0","0","기타","자율","상수도전용","","","","","","","","","N","234.06","","",""
"3240000","3240000-102-2001-12890","20011013","","03","폐업","02","폐업","20181219","","","","02 4705754","147.50","134814","서울특별시 강동구 길동 457-4번지 ","서울특별시 강동구 천호대로 1131 (길동)","05355","퀸7080라이브","20181219153156","U","2018-12-21 02:40:00.0","룸살롱","212060.935103152    ","448068.174635177    ","룸살롱","","","","","","","","","","","","","","Y","147.5","","",""
"3240000","3240000-102-2001-12908","20011018","","03","폐업","02","폐업","20020225","","","","02 4770888","195.64","134814","서울특별시 강동구 길동 446-2번지 ","","","VIP노래주점","20020325000000","I","2018-08-31 23:59:59.0","룸살롱","211963.787409013    ","448212.012860784    ","룸살롱","0","0","유흥업소밀집지역","자율","상수도전용","","","","","","","","","N","195.64","","",""
"3240000","3240000-102-2001-12928","20011025","","03","폐업","02","폐업","20070115","","","","02 4862878","89.30","134814","서울특별시 강동구 길동 414-10번지 ","","","탤런트","20020128000000","I","2018-08-31 23:59:59.0","룸살롱","212081.019857419    ","448209.124823551    ","룸살롱","0","0","유흥업소밀집지역","기타","상수도전용","","","","","","","","","N","89.3","","",""
"3240000","3240000-102-2001-12968","20011107","","03","폐업","02","폐업","20140707","","","","02 4730134","91.10","134814","서울특별시 강동구 길동 414-18번지 2층 ","서울특별시 강동구 양재대로111길 27 (길동2층)","05353","도우미노래마당주점","20130506082003","I","2018-08-31 23:59:59.0","룸살롱","212140.445601947    ","448334.630306777    ","룸살롱","0","0","유흥업소밀집지역","지도","상수도전용","","","","","","","","","N","91.1","","",""
"3240000","3240000-102-2001-12988","20011115","","01","영업/정상","01","영업","","","","","02 4749781","48.73","134880","서울특별시 강동구 길동 387-15번지 ","서울특별시 강동구 양재대로111길 32 (길동)","05353","에스(S)노래주점","20181101152833","U","2018-11-03 02:37:13.0","룸살롱","212119.739195363    ","448370.122306423    ","룸살롱","0","0","유흥업소밀집지역","자율","상수도전용","","","","","","","","","Y","48.73","","",""
"3240000","3240000-102-2001-13002","20011120","","03","폐업","02","폐업","20180720","","","","02 4232533","133.71","134814","서울특별시 강동구 길동 457-4번지 ","서울특별시 강동구 천호대로 1131 (길동)","05355","룰루랄라","20180720140504","I","2018-08-31 23:59:59.0","룸살롱","212060.935103152    ","448068.174635177    ","룸살롱","","","유흥업소밀집지역","기타","","","","","","","","","","Y","133.71","","",""
"3240000","3240000-102-2001-13018","20011123","","03","폐업","02","폐업","20090515","","","","02 4716634","183.20","134814","서울특별시 강동구 길동 459-2번지 ","","","별천지","20080128154938","I","2018-08-31 23:59:59.0","룸살롱","212111.336830711    ","448059.842030801    ","룸살롱","0","0","유흥업소밀집지역","기타","","","","","","","","","","N","183.2","","",""
"3240000","3240000-102-2001-13041","20011130","","03","폐업","02","폐업","20220502","","","","02 4728782","114.37","134814","서울특별시 강동구 길동 446-2","서울특별시 강동구 진황도로 90 (길동)","05355","파티","20220502105729","U","2021-12-05 00:04:00.0","룸살롱","211963.787409013","448212.012860784","","","","","","","","","","","","","","","","","","",""
"3240000","3240000-102-2001-13042","20011130","","03","폐업","02","폐업","20181226","","","","02 4737697","170.85","134814","서울특별시 강동구 길동 457-4번지 ","서울특별시 강동구 천호대로 1131 (길동)","05355","사랑노래주점2","20181226154954","U","2018-12-28 02:40:00.0","룸살롱","212060.935103152    ","448068.174635177    ","룸살롱","","","유흥업소밀집지역","기타","","","","","","","","","","Y","170.85","","",""
"3240000","3240000-102-2001-13064","20011207","","01","영업/정상","01","영업","","","","","02 4890856","187.97","134814","서울특별시 강동구 길동 459-0번지 ","서울특별시 강동구 천호대로177길 10 (길동)","05355","돌체노래주점","20171201170625","I","2018-08-31 23:59:59.0","룸살롱","212091.841625862    ","448085.317977558    ","룸살롱","","","","","","","","","","","","","","Y","187.97","","",""
"3240000","3240000-102-2001-13077","20011211","","03","폐업","02","폐업","20060913","","","","02 4730110","158.88","134010","서울특별시 강동구 길동 459-2번지 402 ","","","돈텔마마","20060213000000","I","2018-08-31 23:59:59.0","룸살롱","212111.336830711    ","448059.842030801    ","룸살롱","0","0","유흥업소밀집지역","기타","","","","","","","","","","N","158.88","","",""
"3240000","3240000-102-2001-13079","20011211","","03","폐업","02","폐업","20040517","","","","02 4863982","294.85","134814","서울특별시 강동구 길동 456-5번지 ","","","노래세상주점","20031103000000","I","2018-08-31 23:59:59.0","룸살롱","212077.520125302    ","448133.160121928    ","룸살롱","","","유흥업소밀집지역","지도","상수도전용","","","","","","","","","N","294.85","","",""
"3240000","3240000-102-2001-13093","20011214","","03","폐업","02","폐업","20220517","","","","02 4295336","98.17","134814","서울특별시 강동구 길동 415-7 지층","서울특별시 강동구 천호대로175길 55 (길동지층)","05354","카카오톡","20220513091159","U","2021-12-04 23:05:00.0","룸살롱","212067.798278551","448341.061539797","","","","","","","","","","","","","","","","","","",""
"3240000","3240000-102-2001-13094","20011215","","03","폐업","02","폐업","20200512","","","","02 4723188","56.08","134814","서울특별시 강동구 길동 458-0번지 ","서울특별시 강동구 진황도로 104 (길동)","05355","부킹","20200512153507","U","2020-05-14 02:40:00.0","룸살롱","212104.475455885    ","448133.185682445    ","룸살롱","","","","","","","","","","","","","","Y","56.08","","",""
"3240000","3240000-102-2001-13101","20011217","","01","영업/정상","01","영업","","","","","02 4786915","172.97","134814","서울특별시 강동구 길동 449-1번지 ","서울특별시 강동구 진황도로 96 (길동)","05355","벌떼","20190705113837","U","2019-07-07 02:40:00.0","룸살롱","212022.198148638    ","448182.326670457    ","룸살롱","","","","","","","","","","","","","","Y","172.97","","",""
"3240000","3240000-102-2001-13128","20011227","","03","폐업","02","폐업","20040430","","","","02 4747789","243.60","134814","서울특별시 강동구 길동 459-2번지 중부빌딩502 ","","","다이아나 가요주점","20030115000000","I","2018-08-31 23:59:59.0","스텐드바","212111.336830711    ","448059.842030801    ","스텐드바","","","유흥업소밀집지역","기타","상수도전용","","","","","","","","","N","243.6","","",""
"3240000","3240000-102-2001-13129","20010117","","01","영업/정상","01","영업","","","","","02  487 6947","198.40","134814","서울특별시 강동구 길동 413-50 ","서울특별시 강동구 천호대로177길 34 (길동)","05353","요지경세상","20211026145411","U","2021-10-28 02:40:00.0","카바레","212127.772315316    ","448197.171823144    ","카바레","0","0","유흥업소밀집지역","자율","","","","","","","","","","Y","198.4","","",""
"3240000","3240000-102-2002-13197","20020128","","03","폐업","02","폐업","20120529","","","","02 4708213","86.94","134814","서울특별시 강동구 길동 457-1번지 ","","","신화","20080128155240","I","2018-08-31 23:59:59.0","룸살롱","212062.685873527    ","448097.972840302    ","룸살롱","0","0","유흥업소밀집지역","자율","상수도전용","","","","","","","","","N","86.94","","",""
"3240000","3240000-102-2002-13231","20020219","","03","폐업","02","폐업","20060530","","","","02 4765554","143.36","134010","서울특별시 강동구 길동 458-3번지 4 ","","","7080학창시절","20060421000000","I","2018-08-31 23:59:59.0","룸살롱","212131.75626657     ","448108.629965194    ","룸살롱","","","","","","","","","","","","","","N","143.36","","",""
"3240000","3240000-102-2002-13269","20020305","","01","영업/정상","01","영업","","","","","02 4841730","59.32","134874","서울특별시 강동구 천호동 429-4","서울특별시 강동구 올림픽로72길 13 지1층 (천호동)","05328","아미","20220623103922","U","2021-12-05 22:05:00.0","룸살롱","210942.76114686","448620.905620636","","","","","","","","","","","","","","","","","","",""
"3240000","3240000-102-2002-13394","20020412","","03","폐업","02","폐업","20091111","","","","0230132112","97.90","134825","서울특별시 강동구 명일동 47-1번지 ","","","뉴월드","20081202160209","I","2018-08-31 23:59:59.0","룸살롱","213584.864293281    ","450222.008091583    ","룸살롱","0","0","유흥업소밀집지역","기타","","","","","","","","","","N","97.9","","",""
"3240000","3240000-102-2002-13399","20020416","","03","폐업","02","폐업","20071129","","","","02 7413003","137.00","134825","서울특별시 강동구 명일동 47-10번지 ","","","노래주점","20021004000000","I","2018-08-31 23:59:59.0","룸살롱","213674.493379728    ","450160.936702182    ","룸살롱","","","기타","자율","상수도전용","","","","","","","","","N","137","","",""
"3240000","3240000-102-2002-13421","20020423","","03","폐업","02","폐업","20110830","","","","02 4843271","112.51","134814","서울특별시 강동구 길동 414-4번지 ","","","정든노래유흥주점","20080128155407","I","2018-08-31 23:59:59.0","룸살롱","212078.284279369    ","448257.541433568    ","룸살롱","0","0","유흥업소밀집지역","자율","상수도전용","","","","","","","","","N","112.51","","",""
"3240000","3240000-102-2002-13534","20020605","","03","폐업","02","폐업","20100901","","","","024743 317","88.09","134814","서울특별시 강동구 길동 413-13번지 ","","","체르니","20090202103448","I","2018-08-31 23:59:59.0","룸살롱","212117.206942934    ","448171.400384865    ","룸살롱","0","0","기타","자율","상수도전용","","","","","","","","","N","88.09","","",""
"3240000","3240000-102-2002-13540","20020605","","03","폐업","02","폐업","20120529","","","","02 4852030","89.59","134872","서울특별시 강동구 천호동 416-15번지 ","","","밤과음악사이가요리믹스1","20120217151045","I","2018-08-31 23:59:59.0","룸살롱","211076.529990739    ","448654.135272697    ","룸살롱","0","0","유흥업소밀집지역","자율","상수도전용","","","","","","","","","N","89.59","","",""
"3240000","3240000-102-2002-13541","20020607","","01","영업/정상","01","영업","","","","","02  470 4353","121.20","134880","서울특별시 강동구 길동 387-12번지 ","서울특별시 강동구 양재대로111길 34 (길동)","05353","앵두노래주점","20171201170513","I","2018-08-31 23:59:59.0","룸살롱","212106.892927203    ","448374.126315298    ","룸살롱","0","0","","자율","","","","","","","","","","Y","121.2","","",""
"3240000","3240000-102-2002-13542","20020614","","03","폐업","02","폐업","20120716","","","","02 4416676","177.40","134825","서울특별시 강동구 명일동 48-5번지 ","","","워커힐노래룸타운","20110103112156","I","2018-08-31 23:59:59.0","룸살롱","213680.993194221    ","450050.898833786    ","룸살롱","0","0","유흥업소밀집지역","자율","상수도전용","","","","","","","","","N","177.4","","",""
"3240000","3240000-102-2002-13543","20020607","","03","폐업","02","폐업","20121228","","","","","87.46","134825","서울특별시 강동구 명일동 47-10번지 지하1층 ","","","노래사랑","20020625000000","I","2018-08-31 23:59:59.0","룸살롱","213674.493379728    ","450160.936702182    ","룸살롱","0","0","유흥업소밀집지역","자율","","","","","","","","","","N","87.46","","",""
"3240000","3240000-102-2002-13544","20020702","","03","폐업","02","폐업","20100901","","","","","157.33","134814","서울특별시 강동구 길동 458-3번지 ","","","굿데이노래주점","20070905142558","I","2018-08-31 23:59:59.0","룸살롱","212131.75626657     ","448108.629965194    ","룸살롱","","","","","","","","","","","","","","N","157.33","","",""
"3240000","3240000-102-2002-13545","20020724","","01","영업/정상","01","영업","","","","","","135.37","134814","서울특별시 강동구 길동 448-1 ","서울특별시 강동구 진황도로 94 (길동)","05355","하트","20211113145429","U","2021-11-15 02:40:00.0","룸살롱","212005.336582581    ","448190.898723758    ","룸살롱","0","0","","","","0","0","0","0","0","","0","0","Y","135.37","","",""
"3240000","3240000-102-2002-13546","20020726","","03","폐업","02","폐업","20030217","","","","","","134874","서울특별시 강동구 천호동 425-5번지 ","","","아라비안관광나이트","20030217000000","I","2018-08-31 23:59:59.0","카바레","210970.75707265     ","448713.31669728     ","카바레","0","0","유흥업소밀집지역","","","","","","","","","","","N","0","","",""
"3240000","3240000-102-2002-13547","20020726","","03","폐업","02","폐업","20040503","","","","","151.20","134814","서울특별시 강동구 길동 456-5번지 2층 ","","","클릭비지니스크럽","20030103000000","I","2018-08-31 23:59:59.0","룸살롱","212077.520125302    ","448133.160121928    ","룸살롱","0","0","유흥업소밀집지역","자율","상수도전용","","","","","","","","","N","151.2","","",""
"3240000","3240000-102-2002-13548","20020816","","03","폐업","02","폐업","20080519","","","","","122.90","134814","서울특별시 강동구 길동 458-2번지 ","","","박하사탕","20080324174331","I","2018-08-31 23:59:59.0","룸살롱","212105.982273849    ","448110.885016364    ","룸살롱","0","0","유흥업소밀집지역","","상수도전용","","","","","","","","","N","122.9","","",""
"3240000","3240000-102-2002-13549","20020904","","03","폐업","02","폐업","20030731","","","","02 4771900","141.24","134874","서울특별시 강동구 천호동 425-71번지 ","","","도우미 노래뱅크","20021228000000","I","2018-08-31 23:59:59.0","룸살롱","","","룸살롱","0","0","유흥업소밀집지역","","상수도전용","","","","","","","","","N","141.24","","",""
"3240000","3240000-102-2002-13550","20021101","","03","폐업","02","폐업","20151026","","","","","357.53","134814","서울특별시 강동구 길동 456-1번지 ","서울특별시 강동구 진황도로 98 (길동)","05355","대월","20120308170711","I","2018-08-31 23:59:59.0","룸살롱","212053.611075047    ","448162.308765932    ","룸살롱","0","0","","","상수도전용","","","","","","","","","N","357.53","","",""
"3240000","3240000-102-2002-13551","20021104","","01","영업/정상","01","영업","","","","","02 4704119","190.28","134880","서울특별시 강동구 길동 387-11 ","서울특별시 강동구 천중로40길 77 (길동)","05353","궁전","20210928172453","U","2021-09-30 02:40:00.0","룸살롱","212117.122220343    ","448386.074909082    ","룸살롱","0","0","","","","0","0","0","0","0","","0","0","Y","190.28","","",""
"3240000","3240000-102-2002-13552","20021119","","03","폐업","02","폐업","20070531","","","","02 4893848","328.22","134814","서울특별시 강동구 길동 458-3번지 ","","","전국노래자랑","20030106000000","I","2018-08-31 23:59:59.0","룸살롱","212131.75626657     ","448108.629965194    ","룸살롱","0","0","","","상수도전용","","","","","","","","","N","328.22","","",""
"3240000","3240000-102-2002-13553","20021218","","01","영업/정상","01","영업","","","","","","177.36","134814","서울특별시 강동구 길동 459-2 3층302호 ","서울특별시 강동구 천호대로 1135 (길동3층302호)","05355","야화7080","20201207214143","U","2020-12-09 02:40:00.0","룸살롱","212111.336830711    ","448059.842030801    ","룸살롱","","","","","","","","","","","","","","Y","177.36","","",""
"3240000","3240000-102-2003-00001","20030213","","03","폐업","02","폐업","20200530","","","","02 4890070","558.00","134814","서울특별시 강동구 길동 415-18번지 2층 ","서울특별시 강동구 진황도로 93 (길동2층)","05354","하루주점","20200506134625","U","2020-05-08 02:40:00.0","룸살롱","212025.713738228    ","448227.378064025    ","룸살롱","0","0","","","상수도전용","","","","","","","","","Y","558","","",""
"3240000","3240000-102-2003-00002","20030407","","01","영업/정상","01","영업","","","","","02 4740310","102.60","134814","서울특별시 강동구 길동 413-42 지하1층 ","서울특별시 강동구 양재대로109길 11 (길동)","05353","체스노래주점","20211103144118","U","2021-11-05 02:40:00.0","룸살롱","212253.15270300000  ","448526.02005900000  ","룸살롱","0","0","","","","0","0","0","0","0","","0","0","Y","102.6","","",""
"3240000","3240000-102-2003-00003","20030422","","03","폐업","02","폐업","20210805","","","","02 4770888","163.40","134814","서울특별시 강동구 길동 446-2 ","서울특별시 강동구 진황도로 90 (길동)","05355","VIP노래주점","20210805110312","U","2021-08-07 02:40:00.0","룸살롱","211963.787409013    ","448212.012860784    ","룸살롱","0","0","","","상수도전용","0","0","0","0","0","","0","0","Y","163.4","","",""
"3240000","3240000-102-2003-00004","20030603","","03","폐업","02","폐업","20200512","","","","","97.02","134814","서울특별시 강동구 길동 458번지 ","서울특별시 강동구 진황도로 104 (길동)","05355","비너스","20200512143311","U","2020-05-14 02:40:00.0","룸살롱","212104.475455885    ","448133.185682445    ","룸살롱","0","0","","","","","","","","","","","","Y","97.02","","",""
"3240000","3240000-102-2003-00005","20030616","","01","영업/정상","01","영업","","","","","","66.48","134814","서울특별시 강동구 길동 413-10 ","서울특별시 강동구 천호대로177길 48 (길동)","05353","님과함께","20211118100558","U","2021-11-20 02:40:00.0","룸살롱","212142.552925973    ","448271.119156003    ","룸살롱","0","0","","","상수도전용","0","0","0","0","0","","0","0","Y","66.48","","",""
"3240000","3240000-102-2003-00006","20030716","","01","영업/정상","01","영업","","","","","02 4731581","77.22","134880","서울특별시 강동구 길동 389-4번지 ","서울특별시 강동구 양재대로111길 8 (길동)","05353","코리아","20171201170234","I","2018-08-31 23:59:59.0","룸살롱","212237.193846835    ","448335.191890672    ","룸살롱","0","0","","","상수도전용","","","","","","","","","Y","77.22","","",""
"3240000","3240000-102-2003-00007","20031201","","01","영업/정상","01","영업","","","","","02 4842738","71.38","134872","서울특별시 강동구 천호동 415-5 지하1층 ","서울특별시 강동구 올림픽로70길 47 (천호동지하1층)","05329","K2 노래터","20210312093147","U","2021-03-14 02:40:00.0","룸살롱","211092.729067833    ","448572.315183626    ","룸살롱","1","1","유흥업소밀집지역","우수","상수도전용","","","","","","","","","Y","71.38","","",""
"3240000","3240000-102-2003-00008","20031208","","03","폐업","02","폐업","20100901","","","","02 4835993","81.36","134814","서울특별시 강동구 길동 413-13번지 지층 ","","","앵콜","20080225154006","I","2018-08-31 23:59:59.0","룸살롱","212117.206942934    ","448171.400384865    ","룸살롱","1","2","유흥업소밀집지역","","상수도전용","","","","","","","","","N","81.36","","",""
"3240000","3240000-102-2003-00009","20031223","","01","영업/정상","01","영업","","","","","02 4703145","98.31","134814","서울특별시 강동구 길동 412-14번지 ","서울특별시 강동구 양재대로109길 22 (길동)","05353","보스","20171201164918","I","2018-08-31 23:59:59.0","룸살롱","212205.787403233    ","448264.640144162    ","룸살롱","","","","","","","","","","","","","","Y","98.31","","",""
"3240000","3240000-102-2004-00001","20040108","","03","폐업","02","폐업","20040305","","","","02 4748294","107.71","134874","서울특별시 강동구 천호동 425-14번지 ","","","영유흥주점","20040108000000","I","2018-08-31 23:59:59.0","룸살롱","","","룸살롱","1","1","유흥업소밀집지역","우수","상수도전용","","","","","","","","","N","107.71","","",""
"3240000","3240000-102-2004-00002","20040109","","01","영업/정상","01","영업","","","","","02 4726997","171.12","134814","서울특별시 강동구 길동 446-2 ","서울특별시 강동구 진황도로 90 (길동)","05355","로마","20211124144555","U","2021-11-26 02:40:00.0","룸살롱","211963.787409013    ","448212.012860784    ","룸살롱","1","2","유흥업소밀집지역","우수","상수도전용","0","0","0","0","0","","0","0","Y","171.12","","",""
"3240000","3240000-102-2004-00003","20041109","","01","영업/정상","01","영업","","","","","02  04790888","79.48","134814","서울특별시 강동구 길동 458-6번지 지하 ","서울특별시 강동구 천호대로177길 16 (길동지하)","05355","아노래짱","20171201164858","I","2018-08-31 23:59:59.0","룸살롱","212102.520890186    ","448099.228692808    ","룸살롱","0","0","","","","","","","","","","","","Y","79.48","","",""
"3240000","3240000-102-2004-00004","20041223","","01","영업/정상","01","영업","","","","","02   4891730","57.32","134814","서울특별시 강동구 길동 413-50 ","서울특별시 강동구 천호대로177길 34 (길동)","05353","샤넬","20201125103023","U","2020-11-27 02:40:00.0","룸살롱","212127.772315316    ","448197.171823144    ","룸살롱","0","0","유흥업소밀집지역","자율","","","","","","","","","","Y","57.32","","",""
"3240000","3240000-102-2004-00005","20041224","","03","폐업","02","폐업","20061030","","","","02 4849889","93.00","134872","서울특별시 강동구 천호동 416-2번지 ","","","블르","20050901000000","I","2018-08-31 23:59:59.0","룸살롱","211094.809375939    ","448664.122740002    ","룸살롱","2","1","유흥업소밀집지역","우수","상수도전용","","","","","","","","","N","93","","",""
"3240000","3240000-102-2004-00006","20041230","","03","폐업","02","폐업","20130401","","","","02 4787321","70.31","134872","서울특별시 강동구 천호동 416-6번지 ","","","밤과음악사이가요리믹스2","20120217145953","I","2018-08-31 23:59:59.0","룸살롱","211088.078271674    ","448650.667001679    ","룸살롱","1","0","유흥업소밀집지역","우수","상수도전용","","","","","","","","","N","70.31","","",""
"3240000","3240000-102-2005-00001","20050413","","03","폐업","02","폐업","20061030","","","","02 4753663","93.42","134872","서울특별시 강동구 천호동 416-2 2층 ","","","모아","20200908210031","U","2020-09-10 02:40:00.0","룸살롱","211094.809375939    ","448664.122740002    ","룸살롱","1","2","유흥업소밀집지역","우수","상수도전용","","","","","","","","","N","93.42","","",""
"3240000","3240000-102-2005-00002","20051018","","01","영업/정상","01","영업","","","","","02  483 0008","148.60","134814","서울특별시 강동구 길동 449-1 (2층) ","서울특별시 강동구 진황도로 96 (길동(2층))","05355","수","20201207213251","U","2020-12-09 02:40:00.0","룸살롱","212022.198148638    ","448182.326670457    ","룸살롱","2","3","학교정화(상대)","우수","상수도전용","","","","","","","","","Y","148.6","","",""
"3240000","3240000-102-2005-00003","20051115","","03","폐업","02","폐업","20170322","","","","02  487 1554","367.47","134814","서울특별시 강동구 길동 456-4번지 ","서울특별시 강동구 천호대로175길 14 (길동)","05355","룰루랄라","20150522125855","I","2018-08-31 23:59:59.0","룸살롱","212042.658352859    ","448124.725618288    ","룸살롱","5","0","기타","우수","","","","","","","","","","N","367.47","","",""
"3240000","3240000-102-2006-00001","20060110","","03","폐업","02","폐업","20140320","","","","","97.10","134872","서울특별시 강동구 천호동 416-5번지 지상 2층 ","서울특별시 강동구 구천면로24길 11 (천호동지상 2층)","05329","오샤레","20120912135438","I","2018-08-31 23:59:59.0","룸살롱","211080.924701849    ","448665.20259174     ","룸살롱","1","3","유흥업소밀집지역","우수","상수도전용","","","","","","","","","N","97.1","","",""
"3240000","3240000-102-2006-00002","20060110","","03","폐업","02","폐업","20130912","","","","","82.19","134872","서울특별시 강동구 천호동 416-5번지 지하 1층 ","","","에스(S)","20120921152033","I","2018-08-31 23:59:59.0","룸살롱","211080.924701849    ","448665.20259174     ","룸살롱","1","1","유흥업소밀집지역","우수","상수도전용","","","","","","","","","N","82.19","","",""
"3240000","3240000-102-2006-00003","20060213","","03","폐업","02","폐업","20060525","","","","02 4831144","188.61","134864","서울특별시 강동구 천호동 449-49번지 지하1층 ","","","힐탑유흥주점","20060213000000","I","2018-08-31 23:59:59.0","룸살롱","211542.314116941    ","448273.114107211    ","룸살롱","2","2","유흥업소밀집지역","우수","상수도전용","","","","","","","","","N","188.61","","",""
"3240000","3240000-102-2006-00004","20060221","","03","폐업","02","폐업","20080403","","","","02 4891282","99.00","134814","서울특별시 강동구 길동 457-2번지 지상2층 ","","","천국주점","20060407000000","I","2018-08-31 23:59:59.0","룸살롱","212021.772146854    ","448081.323051224    ","룸살롱","2","2","유흥업소밀집지역","우수","상수도전용","","","","","","","","","N","99","","",""
"3240000","3240000-102-2006-00005","20060529","","01","영업/정상","01","영업","","","","","02 4709799","97.05","134871","서울특별시 강동구 천호동 550-7 ","서울특별시 강동구 진황도로 3 (천호동)","05334","제니아노래광장","20201217111432","U","2020-12-19 02:40:00.0","비어(바)살롱","211266.478731637    ","448675.520340362    ","비어(바)살롱","","","","","","","","","","","","","","Y","97.05","","",""
"3240000","3240000-102-2006-00006","20061116","","01","영업/정상","01","영업","","","","","","147.35","134814","서울특별시 강동구 길동 450번지 3층 ","서울특별시 강동구 천호대로175길 21 (길동3층)","05355","첼로","20190424162403","U","2019-04-26 02:40:00.0","룸살롱","212011.067808719    ","448166.552513922    ","룸살롱","0","0","학교정화(상대)","자율","","","","","","","","","","Y","147.35","","",""
"3240000","3240000-102-2006-00007","20061129","","03","폐업","02","폐업","20170816","","","","02 4753663","93.00","134872","서울특별시 강동구 천호동 416-2번지 1층 ","서울특별시 강동구 구천면로24길 11-1 (천호동1층)","","갤럭시9","20170816141713","I","2018-08-31 23:59:59.0","기타","211094.809375939    ","448664.122740002    ","기타","0","0","","","","","","","","","","","","N","93","","",""
"3240000","3240000-102-2006-00008","20061129","","03","폐업","02","폐업","20181212","","","","02 4753663","93.42","134872","서울특별시 강동구 천호동 416-2번지 2층 ","서울특별시 강동구 구천면로24길 11-1 (천호동2층)","","모아","20181212110459","U","2018-12-14 02:40:00.0","기타","211094.809375939    ","448664.122740002    ","기타","0","0","유흥업소밀집지역","기타","상수도전용","","","","","","","","","Y","93.42","","",""
"3240000","3240000-102-2006-00009","20061201","","01","영업/정상","01","영업","","","","","","143.36","134814","서울특별시 강동구 길동 458-3 2층 ","서울특별시 강동구 진황도로 110 (길동2층)","05355","항아리","20210504091318","U","2021-05-06 02:40:00.0","룸살롱","212131.75626657     ","448108.629965194    ","룸살롱","0","0","기타","기타","","","","","","","","","","Y","143.36","","",""
"3240000","3240000-102-2006-00010","20061220","","01","영업/정상","01","영업","","","","","","177.22","134814","서울특별시 강동구 길동 454-1 ","서울특별시 강동구 천호대로 1121 (길동)","05355","앤비시노래장주점","20201207213829","U","2020-12-09 02:40:00.0","룸살롱","211980.248325806    ","448111.060277943    ","룸살롱","0","0","학교정화(상대)","자율","","","","","","","","","","Y","177.22","","",""
"3240000","3240000-102-2006-00011","20061222","","01","영업/정상","01","영업","","","","","","292.10","134814","서울특별시 강동구 길동 413-50 지하1층 ","서울특별시 강동구 천호대로177길 34 (길동지하1층)","05353","꿀단지","20210722091813","U","2021-07-24 02:40:00.0","룸살롱","212127.772315316    ","448197.171823144    ","룸살롱","0","0","유흥업소밀집지역","","","0","0","0","0","0","","0","0","Y","292.1","","",""
"3240000","3240000-102-2007-00001","20070202","","03","폐업","02","폐업","20070507","","","","","246.40","134872","서울특별시 강동구 천호동 416-10번지 ","","","캔디노래클럽","20070202000000","I","2018-08-31 23:59:59.0","룸살롱","211076.194318424    ","448620.042861221    ","룸살롱","0","0","유흥업소밀집지역","","상수도전용","","","","","","","","","N","246.4","","",""
"3240000","3240000-102-2007-00002","20070528","","03","폐업","02","폐업","20070612","","","","","80.29","134814","서울특별시 강동구 길동 457-4번지 2층 ","","","러브러브노래주점","20070528000000","I","2018-08-31 23:59:59.0","룸살롱","212060.935103152    ","448068.174635177    ","룸살롱","0","0","유흥업소밀집지역","자율","상수도전용","","","","","","","","","N","80.29","","",""
"3240000","3240000-102-2007-00003","20070615","","03","폐업","02","폐업","20090529","","","","","246.40","134872","서울특별시 강동구 천호동 416-10번지 지하1층 ","","","캔디","20070705090654","I","2018-08-31 23:59:59.0","기타","211076.194318424    ","448620.042861221    ","기타","0","0","유흥업소밀집지역","기타","상수도전용","","","","","","","","","N","246.4","","",""
"3240000","3240000-102-2007-00004","20070703","","03","폐업","02","폐업","20120531","","","","","165.80","134010","서울특별시 강동구 길동 458-3번지 ","","","노래자랑유흥","20120507163015","I","2018-08-31 23:59:59.0","룸살롱","","","룸살롱","","","유흥업소밀집지역","우수","상수도전용","","","","","","","","","N","165.8","","",""
"3240000","3240000-102-2007-00005","20070709","","01","영업/정상","01","영업","","","","","","94.62","134010","서울특별시 강동구 길동 458-3번지 2층 ","서울특별시 강동구 진황도로 110 (길동2층)","05355","전국주점","20181127134449","U","2018-11-29 02:40:00.0","룸살롱","212151.857506442    ","448099.905457949    ","룸살롱","","","","","","","","","","","","","","Y","94.62","","",""
"3240000","3240000-102-2007-00006","20070713","","03","폐업","02","폐업","20110418","","","","","148.60","134010","서울특별시 강동구 길동 449-1번지 ","","","몽몽노래클럽","20090803113655","I","2018-08-31 23:59:59.0","기타","","","기타","","","유흥업소밀집지역","기타","상수도전용","","","","","","","","","N","148.6","","",""
"3240000","3240000-102-2007-00007","20070719","","03","폐업","02","폐업","20080201","","","","","255.34","134010","서울특별시 강동구 길동 459-3번지 3층 ","","","비타민","20070719170821","I","2018-08-31 23:59:59.0","룸살롱","","","룸살롱","","","유흥업소밀집지역","기타","상수도전용","","","","","","","","","N","255.34","","",""
"3240000","3240000-102-2007-00008","20070723","","03","폐업","02","폐업","20180322","","","","02  484 5034","90.00","134010","서울특별시 강동구 길동 457-4번지 2층 ","서울특별시 강동구 천호대로 1131 (길동2층)","05355","써니써니","20180322132126","I","2018-08-31 23:59:59.0","룸살롱","212060.935103152    ","448068.174635177    ","룸살롱","","","유흥업소밀집지역","기타","상수도전용","","","","","","","","","Y","90","","",""
"3240000","3240000-102-2008-00001","20080115","","03","폐업","02","폐업","20180817","","","","02  474 2526","92.92","134814","서울특별시 강동구 길동 457-4번지 ","서울특별시 강동구 천호대로 1131 (길동)","05355","코리아","20180817174721","I","2018-08-31 23:59:59.0","룸살롱","212060.935103152    ","448068.174635177    ","룸살롱","","","유흥업소밀집지역","","상수도전용","","","","","","","","","Y","92.92","","",""
"3240000","3240000-102-2008-00002","20080215","","03","폐업","02","폐업","20120628","","","","02  474 7725","165.36","134814","서울특별시 강동구 길동 457-1번지 1층 ","","","신다르크","20080215154412","I","2018-08-31 23:59:59.0","룸살롱","212062.685873527    ","448097.972840302    ","룸살롱","","","유흥업소밀집지역","기타","상수도전용","","","","","","","","","N","165.36","","",""
"3240000","3240000-102-2008-00003","20080304","","01","영업/정상","01","영업","","","","","02  485 4948","73.00","134814","서울특별시 강동구 길동 415-7 2층","서울특별시 강동구 천호대로175길 55 (길동2층)","05354","비바","20220715155504","U","2021-12-06 23:07:00.0","룸살롱","212067.798278551","448341.061539797","","","","","","","","","","","","","","","","","","",""
"3240000","3240000-102-2008-00004","20080408","","03","폐업","02","폐업","20130822","","","","","155.25","134874","서울특별시 강동구 천호동 430-14번지 지하1층 ","","","스타노래주점","20110920142024","I","2018-08-31 23:59:59.0","룸살롱","210905.120429143    ","448608.917149869    ","룸살롱","","","유흥업소밀집지역","우수","","","","","","","","","","N","155.25","","",""
"3240000","3240000-102-2008-00005","20080423","","03","폐업","02","폐업","20190426","","","","","176.96","134814","서울특별시 강동구 길동 414-9번지 지하1층 ","서울특별시 강동구 천호대로177길 41 (길동지하1층)","05353","무조건","20190426151038","U","2019-04-28 02:40:00.0","룸살롱","212112.777293643    ","448266.564306193    ","룸살롱","","","유흥업소밀집지역","","","","","","","","","","","Y","176.96","","",""
"3240000","3240000-102-2008-00006","20080526","","01","영업/정상","01","영업","","","","","","346.26","134775","서울특별시 강동구 천호동 454-53 지하 ","서울특별시 강동구 천호대로157길 15 (천호동지하)","05329","포텐노래타운","20210628091438","U","2021-06-30 02:40:00.0","기타","211132.572284385    ","448481.277808898    ","기타","","","","","","","","","","","","","","Y","346.26","","",""
"3240000","3240000-102-2008-00007","20080605","","03","폐업","02","폐업","20181112","","","","489220","143.74","134814","서울특별시 강동구 길동 414-9번지 (2층) ","서울특별시 강동구 천호대로177길 41 (길동(2층))","05353","호노래주점","20181112172406","U","2018-11-14 02:36:39.0","룸살롱","212112.777293643    ","448266.564306193    ","룸살롱","0","0","유흥업소밀집지역","기타","상수도전용","","","","","","","","","Y","143.74","","",""
"3240000","3240000-102-2008-00008","20080612","","01","영업/정상","01","영업","","","","","02  487 6975","98.07","134814","서울특별시 강동구 길동 458-2번지 2층 201호 ","서울특별시 강동구 천호대로177길 16 (길동2층 201호)","05355","박하사탕","20181025151331","U","2018-10-27 02:37:09.0","룸살롱","212105.982273849    ","448110.885016364    ","룸살롱","","","유흥업소밀집지역","기타","상수도전용","","","","","","","","","Y","98.07","","",""
"3240000","3240000-102-2008-00009","20081002","","01","영업/정상","01","영업","","","","","","66.23","134814","서울특별시 강동구 길동 413-10번지 지하1층 ","서울특별시 강동구 천호대로177길 48 (길동지하1층)","05353","허니노래주점","20180510142730","I","2018-08-31 23:59:59.0","룸살롱","212142.552925973    ","448271.119156003    ","룸살롱","","","유흥업소밀집지역","기타","","","","","","","","","","Y","66.23","","",""
"3240000","3240000-102-2009-00001","20090121","","01","영업/정상","01","영업","","","","","02  470 0442","288.99","134814","서울특별시 강동구 길동 459-2번지 중부빌딩 3층 301호 ","서울특별시 강동구 천호대로 1135 (길동중부빌딩 3층 301호)","05355","준코뮤직타운","20191223103136","U","2019-12-25 02:40:00.0","간이주점","212111.336830711    ","448059.842030801    ","간이주점","","","유흥업소밀집지역","","상수도전용","","","","","","","","","Y","288.99","","",""
"3240000","3240000-102-2009-00002","20090407","","01","영업/정상","01","영업","","","","","02  471 7044","96.33","134880","서울특별시 강동구 길동 387-7","서울특별시 강동구 양재대로111길 28 1층 (길동)","05353","에쿠스","20220425134718","U","2021-12-03 22:07:00.0","룸살롱","212139.681876707","448366.810705364","","","","","","","","","","","","","","","","","","",""
"3240000","3240000-102-2009-00003","20090610","","03","폐업","02","폐업","20150630","","","","02  471 3303","690.90","134814","서울특별시 강동구 길동 412-12번지 ","서울특별시 강동구 양재대로 1457 (길동)","05353","잠자리노래주점","20150630132253","I","2018-08-31 23:59:59.0","룸살롱","212215.378259229    ","448196.85466049     ","룸살롱","","","유흥업소밀집지역","","상수도전용","","","","","","","","","N","690.9","","",""
"3240000","3240000-102-2009-00004","20090625","","03","폐업","02","폐업","20211201","","","","","85.53","134814","서울특별시 강동구 길동 459-2 (206-2호) ","서울특별시 강동구 천호대로 1135 (길동(206-2호))","05355","신세계","20211201164011","U","2021-12-04 02:40:00.0","룸살롱","212111.336830711    ","448059.842030801    ","룸살롱","0","0","","","","0","0","0","0","0","","0","0","Y","85.53","","",""
"3240000","3240000-102-2009-00005","20090625","","01","영업/정상","01","영업","","","","","02  484 9902","68.94","134814","서울특별시 강동구 길동 459-2번지 2층 206-1호","서울특별시 강동구 천호대로 1135 206-1호 (길동2층)","05355","물노래장","20190911160645","U","2019-09-13 02:40:00.0","룸살롱","212111.336830711    ","448059.842030801    ","룸살롱","1","1","유흥업소밀집지역","","상수도전용","","","","","","","","","Y","68.94","","",""
"3240000","3240000-102-2009-00006","20090720","","03","폐업","02","폐업","20091016","","","","02  476 5585","246.40","134872","서울특별시 강동구 천호동 416-10번지 ","","","캔디","20090720160644","I","2018-08-31 23:59:59.0","룸살롱","211076.194318424    ","448620.042861221    ","룸살롱","","","유흥업소밀집지역","","상수도전용","","","","","","","","","N","246.4","","",""
"3240000","3240000-102-2009-00007","20090722","","03","폐업","02","폐업","20170908","","","","02  487 4447","652.30","134872","서울특별시 강동구 천호동 413-1번지 ","서울특별시 강동구 천호대로157길 37 (천호동)","05329","밤과음악사이 천호점(주)","20170908170835","I","2018-08-31 23:59:59.0","룸살롱","211185.18354777     ","448606.609911561    ","룸살롱","","","","","","","","","","","","","","N","652.3","","",""
"3240000","3240000-102-2009-00008","20090902","","01","영업/정상","01","영업","","","","","02  482 3235","764.99","134874","서울특별시 강동구 천호동 454-15번지 지하1층 ","서울특별시 강동구 천호대로 1027 (천호동지하1층)","05329","준코뮤직타운 천호로데오점","20180808161317","I","2018-08-31 23:59:59.0","룸살롱","211096.952458378    ","448450.575807613    ","룸살롱","","","","","","","","","","","","","","Y","764.99","","",""
"3240000","3240000-102-2009-00009","20090910","","01","영업/정상","01","영업","","","","","","94.20","134814","서울특별시 강동구 길동 414-7번지 ","서울특별시 강동구 천호대로177길 51 (길동)","05353","미주","20171201164052","I","2018-08-31 23:59:59.0","룸살롱","212127.743401215    ","448291.818477592    ","룸살롱","","","유흥업소밀집지역","","상수도전용","","","","","","","","","Y","94.2","","",""
"3240000","3240000-102-2009-00010","20091223","","01","영업/정상","01","영업","","","","","","48.61","134814","서울특별시 강동구 길동 459-2 (304호) ","서울특별시 강동구 천호대로 1135 (길동(304호))","05355","야화","20200820153713","U","2020-08-22 02:40:00.0","룸살롱","212111.336830711    ","448059.842030801    ","룸살롱","","","유흥업소밀집지역","","","","","","","","","","","Y","48.61","","",""
"3240000","3240000-102-2010-00001","20100106","","01","영업/정상","01","영업","","","","","02  473 1162","60.80","134814","서울특별시 강동구 길동 415-6 강동빌딩 ","서울특별시 강동구 양재대로111길 39 강동빌딩 2층 (길동)","05354","놀이터","20210215132613","U","2021-02-17 02:40:00.0","룸살롱","212072.389131887    ","448357.675264402    ","룸살롱","","","유흥업소밀집지역","","상수도전용","","","","","","","","","Y","60.8","","",""
"3240000","3240000-102-2010-00002","20100107","","01","영업/정상","01","영업","","","","","02  473 1198","84.08","134814","서울특별시 강동구 길동 415-6번지 강동빌딩 ","서울특별시 강동구 양재대로111길 39 강동빌딩 (길동)","05354","노라조","20190425154605","U","2019-04-27 02:40:00.0","룸살롱","212072.389131887    ","448357.675264402    ","룸살롱","","","유흥업소밀집지역","","상수도전용","","","","","","","","","Y","84.08","","",""
"3240000","3240000-102-2010-00003","20100315","","01","영업/정상","01","영업","","","","","02   4852526","87.72","134880","서울특별시 강동구 길동 387-12 2층 ","서울특별시 강동구 양재대로111길 34 (길동2층)","05353","드라마","20201221094736","U","2020-12-23 02:40:00.0","룸살롱","212106.892927203    ","448374.126315298    ","룸살롱","","","학교정화(상대)","자율","상수도전용","","","","","","","","","Y","87.72","","",""
"3240000","3240000-102-2010-00004","20100317","","03","폐업","02","폐업","20110915","","","","024742420","120.00","134814","서울특별시 강동구 길동 415-15번지 2층 ","","","세븐틴","20100317144031","I","2018-08-31 23:59:59.0","룸살롱","","","룸살롱","1","2","학교정화(상대)","지도","상수도전용","","","","","","","","","N","120","","",""
"3240000","3240000-102-2010-00005","20100322","","03","폐업","02","폐업","20110915","","","","","69.30","134814","서울특별시 강동구 길동 415-15번지 2층 ","","","매드맨스","20100322143430","I","2018-08-31 23:59:59.0","룸살롱","","","룸살롱","1","2","학교정화(상대)","지도","상수도전용","","","","","","","","","N","69.3","","",""
"3240000","3240000-102-2010-00006","20100426","","01","영업/정상","01","영업","","","","","02  482 5015","92.90","134814","서울특별시 강동구 길동 459번지 ","서울특별시 강동구 천호대로177길 10 (길동)","05355","친구","20180129172751","I","2018-08-31 23:59:59.0","룸살롱","212091.841625862    ","448085.317977558    ","룸살롱","1","2","유흥업소밀집지역","지도","상수도전용","","","","","","","","","Y","92.9","","",""
"3240000","3240000-102-2010-00007","20100517","","03","폐업","02","폐업","20171011","","","","02  485 5666","92.04","134874","서울특별시 강동구 천호동 454-66번지 ","서울특별시 강동구 천호대로157길 11 (천호동)","05329","황궁","20171011131319","I","2018-08-31 23:59:59.0","룸살롱","211141.546727618    ","448469.667019184    ","룸살롱","","","","","","","","","","","","","","N","92.04","","",""
"3240000","3240000-102-2010-00008","20100826","","03","폐업","02","폐업","20220517","","","","02   4847084","90.96","134814","서울특별시 강동구 길동 415-7","서울특별시 강동구 천호대로175길 55 (길동)","05354","뉴히딩크","20220513091415","U","2021-12-04 23:05:00.0","룸살롱","212067.798278551","448341.061539797","","","","","","","","","","","","","","","","","","",""
"3240000","3240000-102-2010-00009","20100902","","01","영업/정상","01","영업","","","","","","44.00","134880","서울특별시 강동구 길동 386-8번지 ","서울특별시 강동구 천중로40길 78 (길동)","05354","은성","20171201163706","I","2018-08-31 23:59:59.0","룸살롱","212068.530566662    ","448392.393404163    ","룸살롱","1","2","유흥업소밀집지역","관리","","","","","","","","","","Y","44","","",""
"3240000","3240000-102-2010-00010","20100910","","01","영업/정상","01","영업","","","","","","61.84","134814","서울특별시 강동구 길동 450번지 지하1층 ","서울특별시 강동구 천호대로175길 21 (길동지하1층)","05355","첼로Ⅱ","20181024145903","U","2018-10-26 02:36:44.0","룸살롱","212011.067808719    ","448166.552513922    ","룸살롱","2","3","유흥업소밀집지역","관리","상수도전용","","","","","","","","","Y","61.84","","",""
"3240000","3240000-102-2011-00001","20110215","","03","폐업","02","폐업","20200414","","","","02  484 3338","155.73","134872","서울특별시 강동구 천호동 413-1번지 ","서울특별시 강동구 천호대로157길 37 (천호동)","05329","요기가노래타운","20200414135503","U","2020-04-16 02:40:00.0","룸살롱","211185.18354777     ","448606.609911561    ","룸살롱","1","2","유흥업소밀집지역","","상수도전용","","","","","","","","","Y","155.73","","",""
"3240000","3240000-102-2011-00002","20110303","","01","영업/정상","01","영업","","","","","02  474 5051","217.39","134814","서울특별시 강동구 길동 459번지 ","서울특별시 강동구 천호대로177길 10 (길동)","05355","신바람","20171201163442","I","2018-08-31 23:59:59.0","룸살롱","212091.841625862    ","448085.317977558    ","룸살롱","1","1","유흥업소밀집지역","자율","상수도전용","","","","","","","","","Y","217.39","","",""
"3240000","3240000-102-2011-00003","20110303","","01","영업/정상","01","영업","","","","","","81.36","134814","서울특별시 강동구 길동 413-13번지 지하 ","서울특별시 강동구 진황도로 103 (길동지하)","05353","TEN프로 노래주점","20190729143818","U","2019-07-31 02:40:00.0","룸살롱","212117.206942934    ","448171.400384865    ","룸살롱","","","","","","","","","","","","","","Y","81.36","","",""
"3240000","3240000-102-2011-00004","20110303","","03","폐업","02","폐업","20121206","","","","02   4844159","54.92","134814","서울특별시 강동구 길동 415-16번지 지하 ","","","러쉬노래주점","20110308161043","I","2018-08-31 23:59:59.0","룸살롱","211990.349438187    ","448244.56352914     ","룸살롱","","","","","","","","","","","","","","N","54.92","","",""
"3240000","3240000-102-2011-00005","20110303","","01","영업/정상","01","영업","","","","","02   4743384","88.09","134814","서울특별시 강동구 길동 413-13번지 ","서울특별시 강동구 진황도로 103 (길동)","05353","체르니","20171201163358","I","2018-08-31 23:59:59.0","룸살롱","212117.206942934    ","448171.400384865    ","룸살롱","","","","","","","","","","","","","","Y","88.09","","",""
"3240000","3240000-102-2011-00006","20110303","","01","영업/정상","01","영업","","","","","02   4852858","98.40","134814","서울특별시 강동구 길동 458-3 ","서울특별시 강동구 진황도로 110 (길동)","05355","비너스","20210622205138","U","2021-06-24 02:40:00.0","룸살롱","212131.75626657     ","448108.629965194    ","룸살롱","","","","","","","","","","","","","","Y","98.4","","",""
"3240000","3240000-102-2011-00007","20110523","","03","폐업","02","폐업","20200929","","","","02  470 5558","76.00","134814","서울특별시 강동구 길동 458-1 ","서울특별시 강동구 진황도로 106 (길동)","05355","황진이 2","20200929135342","U","2020-10-01 02:40:00.0","룸살롱","212120.39974612     ","448126.582244832    ","룸살롱","","","","","상수도전용","","","","","","","","","Y","76","","",""
"3240000","3240000-102-2011-00008","20110627","","03","폐업","02","폐업","20200714","","","","","91.90","134814","서울특별시 강동구 길동 458-1 ","서울특별시 강동구 진황도로 106 (길동)","05355","비타민","20200714135044","U","2020-07-16 02:40:00.0","룸살롱","212120.39974612     ","448126.582244832    ","룸살롱","","","","","","","","","","","","","","Y","91.9","","",""
"3240000","3240000-102-2011-00009","20110729","","01","영업/정상","01","영업","","","","","","149.50","134872","서울특별시 강동구 천호동 415-32 지층 ","서울특별시 강동구 올림픽로70길 51 (천호동지층)","05329","현 노래","20201007163532","U","2020-10-09 02:40:00.0","룸살롱","211116.109777375    ","448577.957250699    ","룸살롱","1","","","","","","","","","","","","","Y","149.5","","",""
"3240000","3240000-102-2011-00010","20110914","","01","영업/정상","01","영업","","","","","","94.50","134814","서울특별시 강동구 길동 459번지 지상1층 ","서울특별시 강동구 천호대로177길 10 (길동지상1층)","05355","제이제이","20171201163220","I","2018-08-31 23:59:59.0","룸살롱","212091.841625862    ","448085.317977558    ","룸살롱","","","유흥업소밀집지역","","상수도전용","","","","","","","","","Y","94.5","","",""
"3240000","3240000-102-2011-00011","20111025","","01","영업/정상","01","영업","","","","","02  487 1231","141.10","134814","서울특별시 강동구 길동 458-3번지 (2층) ","서울특별시 강동구 진황도로 110 (길동(2층))","05355","보고또보고","20181127134041","U","2018-11-29 02:40:00.0","룸살롱","212131.75626657     ","448108.629965194    ","룸살롱","","","유흥업소밀집지역","","상수도전용","","","","","","","","","Y","141.1","","",""
"3240000","3240000-102-2011-00012","20111123","","01","영업/정상","01","영업","","","","","02 4836662","66.48","134880","서울특별시 강동구 길동 388-3번지 지하1층 ","서울특별시 강동구 양재대로111길 18 (길동)","05353","뉴스타대경","20181112104234","U","2018-11-14 02:36:39.0","룸살롱","212172.882862768    ","448356.930269962    ","룸살롱","","","","","","","","","","","","","","Y","66.48","","",""
"3240000","3240000-102-2011-00013","20111123","","01","영업/정상","01","영업","","","","","02 4737235","174.48","134814","서울특별시 강동구 길동 459-2번지 402호","서울특별시 강동구 천호대로 1135 (길동)","05355","모모라이브","20180625152209","I","2018-08-31 23:59:59.0","기타","212111.336830711    ","448059.842030801    ","기타","1","1","유흥업소밀집지역","","상수도전용","","","","","","","","","Y","174.48","","",""
"3240000","3240000-102-2011-00014","20111215","","01","영업/정상","01","영업","","","","","02 4743994","74.97","134814","서울특별시 강동구 길동 458-6 ","서울특별시 강동구 천호대로177길 16 (길동)","05355","신뻐꾸기","20201207213150","U","2020-12-09 02:40:00.0","룸살롱","212102.520890186    ","448099.228692808    ","룸살롱","","","유흥업소밀집지역","","상수도전용","","","","","","","","","Y","74.97","","",""
"3240000","3240000-102-2011-00015","20111223","","01","영업/정상","01","영업","","","","","02  475 0907","276.41","134880","서울특별시 강동구 길동 387-7 지하1층","서울특별시 강동구 양재대로111길 28 지하1층 (길동)","05353","파라다이스","20221026141014","U","2021-10-30 22:08:00.0","룸살롱","212139.681876707","448366.810705364","","","","","","","","","","","","","","","","","","",""
"3240000","3240000-102-2012-00001","20120111","","03","폐업","02","폐업","20200512","","","","02  472 5802","74.44","134814","서울특별시 강동구 길동 458번지 ","서울특별시 강동구 진황도로 104 (길동)","05355","메카","20200512172700","U","2020-05-14 02:40:00.0","룸살롱","212104.475455885    ","448133.185682445    ","룸살롱","","","유흥업소밀집지역","","상수도전용","","","","","","","","","Y","74.44","","",""
"3240000","3240000-102-2012-00002","20120207","","01","영업/정상","01","영업","","","","","02  474 3995","48.20","134814","서울특별시 강동구 길동 458-6번지 ","서울특별시 강동구 천호대로177길 16 (길동)","05355","바나나","20190816152242","U","2019-08-18 02:40:00.0","룸살롱","212102.520890186    ","448099.228692808    ","룸살롱","","","유흥업소밀집지역","","상수도전용","","","","","","","","","Y","48.2","","",""
"3240000","3240000-102-2012-00003","20120222","","01","영업/정상","01","영업","","","","","","361.48","134874","서울특별시 강동구 천호동 454-53번지 ","서울특별시 강동구 천호대로157길 15 (천호동)","05329","쥬얼리노래타운","20171201162957","I","2018-08-31 23:59:59.0","기타","211132.572284385    ","448481.277808898    ","기타","","","유흥업소밀집지역","","상수도전용","","","","","","","","","Y","361.48","","",""
"3240000","3240000-102-2012-00004","20120224","","01","영업/정상","01","영업","","","","","02  482 2271","48.80","134814","서울특별시 강동구 길동 454-2번지 ","서울특별시 강동구 천호대로175길 11 (길동)","05355","홀릭","20181128143115","U","2018-11-30 02:40:00.0","룸살롱","212004.614055512    ","448123.892547255    ","룸살롱","","","유흥업소밀집지역","","상수도전용","","","","","","","","","Y","48.8","","",""
"3240000","3240000-102-2012-00005","20120313","","03","폐업","02","폐업","20210819","","","","02  04823470","139.86","134814","서울특별시 강동구 길동 415-18 ","서울특별시 강동구 진황도로 93 (길동)","05354","센스","20211020165248","U","2021-10-22 02:40:00.0","룸살롱","212025.713738228    ","448227.378064025    ","룸살롱","1","0","유흥업소밀집지역","","상수도전용","0","0","0","0","0","","0","0","Y","139.86","","",""
"3240000","3240000-102-2012-00006","20120627","","01","영업/정상","01","영업","","","","","02  489 3848","227.00","134814","서울특별시 강동구 길동 458-3 2층","서울특별시 강동구 진황도로 110 2층 (길동)","05355","뉴욕노래주점","20221205100350","U","2021-11-02 00:07:00.0","룸살롱","212131.75626657","448108.629965194","","","","","","","","","","","","","","","","","","",""
"3240000","3240000-102-2012-00007","20121106","","01","영업/정상","01","영업","","","","","","90.00","134880","서울특별시 강동구 길동 389-4번지 ","서울특별시 강동구 양재대로111길 8 (길동)","05353","미인노래주점","20190806170503","U","2019-08-08 02:40:00.0","룸살롱","212237.193846835    ","448335.191890672    ","룸살롱","","","유흥업소밀집지역","","","","","","","","","","","Y","90","","",""
"3240000","3240000-102-2012-00008","20121213","","03","폐업","02","폐업","20220517","","","","02 4874948","141.69","134814","서울특별시 강동구 길동 415-7 2층","서울특별시 강동구 천호대로175길 55 2층 (길동)","05354","비바","20220513091739","U","2021-12-04 23:05:00.0","룸살롱","212067.798278551","448341.061539797","","","","","","","","","","","","","","","","","","",""
"3240000","3240000-102-2013-00001","20130612","","01","영업/정상","01","영업","","","","","","83.70","134814","서울특별시 강동구 길동 458-3번지 1층 ","서울특별시 강동구 진황도로 110 (길동)","05355","굿타임","20200603142831","U","2020-06-05 02:40:00.0","룸살롱","212131.75626657     ","448108.629965194    ","룸살롱","","","유흥업소밀집지역","","상수도전용","","","","","","","","","Y","83.7","","",""
"3240000","3240000-102-2013-00002","20130822","","01","영업/정상","01","영업","","","","","","68.21","134814","서울특별시 강동구 길동 458-6번지 2층 ","서울특별시 강동구 천호대로177길 16 (길동2층)","05355","마을","20171201162752","I","2018-08-31 23:59:59.0","룸살롱","212102.520890186    ","448099.228692808    ","룸살롱","","","유흥업소밀집지역","","상수도전용","","","","","","","","","Y","68.21","","",""
"3240000","3240000-102-2013-00003","20131017","","01","영업/정상","01","영업","","","","","02  471 3022","98.63","134814","서울특별시 강동구 길동 415-7 ","서울특별시 강동구 천호대로175길 55 (길동)","05354","써니","20210715101402","U","2021-07-17 02:40:00.0","룸살롱","212067.798278551    ","448341.061539797    ","룸살롱","0","0","유흥업소밀집지역","","상수도전용","0","0","0","0","0","","0","0","Y","98.63","","",""
"3240000","3240000-102-2013-00004","20131106","","03","폐업","02","폐업","20211116","","","","","168.36","134880","서울특별시 강동구 길동 387-13 지하 1층 ","서울특별시 강동구 천중로40길 69 (길동지하 1층)","05353","세븐봉노래주점","20211116165317","U","2021-11-18 02:40:00.0","룸살롱","212128.633600978    ","448424.890472982    ","룸살롱","0","0","유흥업소밀집지역","","상수도전용","0","0","0","0","0","","0","0","Y","168.36","","",""
"3240000","3240000-102-2013-00005","20131220","","01","영업/정상","01","영업","","","","","","145.28","134814","서울특별시 강동구 길동 414-1 ","서울특별시 강동구 천호대로175길 58 (길동)","05353","비행기","20210429151514","U","2021-05-01 02:40:00.0","룸살롱","212102.541821818    ","448338.998117904    ","룸살롱","","","","","","","","","","","","","","Y","145.28","","",""
"3240000","3240000-102-2014-00001","20140113","","01","영업/정상","01","영업","","","","","","62.64","134814","서울특별시 강동구 길동 446-2","서울특별시 강동구 진황도로 90 지1층 (길동)","05355","블랙홀","20220330094433","U","2021-12-04 00:02:00.0","룸살롱","211963.787409013","448212.012860784","","","","","","","","","","","","","","","","","","",""
"3240000","3240000-102-2014-00002","20140114","","01","영업/정상","01","영업","","","","","","60.89","134814","서울특별시 강동구 길동 446-2 지하1층 ","서울특별시 강동구 진황도로 90 (길동)","05355","물놀이","20211229145259","U","2021-12-31 02:40:00.0","룸살롱","211963.787409013    ","448212.012860784    ","룸살롱","0","0","유흥업소밀집지역","","","0","0","0","0","0","","0","0","Y","60.89","","",""
"3240000","3240000-102-2014-00003","20140512","","01","영업/정상","01","영업","","","","","","97.01","134872","서울특별시 강동구 천호동 416-5 2층","서울특별시 강동구 구천면로24길 11 2층 (천호동)","05329","오샤레 노래빠","20220613140918","U","2021-12-05 23:06:00.0","기타","211080.924701849","448665.20259174","","","","","","","","","","","","","","","","","","",""
"3240000","3240000-102-2014-00004","20140902","","03","폐업","02","폐업","20191101","","","","","148.60","134814","서울특별시 강동구 길동 449-1번지 ","서울특별시 강동구 진황도로 96 (길동)","05355","몽몽 노래주점","20191101164709","U","2019-11-03 02:40:00.0","룸살롱","212022.198148638    ","448182.326670457    ","룸살롱","","","유흥업소밀집지역","","","","","","","","","","","Y","148.6","","",""
"3240000","3240000-102-2014-00005","20140926","","01","영업/정상","01","영업","","","","","02  470 9951","302.83","134814","서울특별시 강동구 길동 414-1 2층","서울특별시 강동구 천호대로175길 58 (길동)","05353","그랜드piano","20221229092603","U","2021-11-01 21:01:00.0","룸살롱","212102.541821818","448338.998117904","","","","","","","","","","","","","","","","","","",""
"3240000","3240000-102-2014-00006","20141104","","01","영업/정상","01","영업","","","","","","65.48","134814","서울특별시 강동구 길동 414번지 1 ","서울특별시 강동구 천호대로175길 58 (길동)","05353","피아노","20181029140629","U","2018-10-31 02:37:13.0","룸살롱","212102.541821818    ","448338.998117904    ","룸살롱","","","유흥업소밀집지역","","","","","","","","","","","Y","65.48","","",""
"3240000","3240000-102-2015-00001","20151103","","03","폐업","02","폐업","20220729","","","","","73.78","134814","서울특별시 강동구 길동 456","서울특별시 강동구 진황도로 98 (길동)","05355","끼","20220729172702","U","2021-12-06 21:01:00.0","룸살롱","212041.924384635","448167.059721057","","","","","","","","","","","","","","","","","","",""
"3240000","3240000-102-2015-00002","20151105","","03","폐업","02","폐업","20220802","","","","","292.13","134814","서울특별시 강동구 길동 456","서울특별시 강동구 진황도로 98 (길동)","05355","대월","20220802144125","U","2021-12-08 00:04:00.0","노래클럽","212041.924384635","448167.059721057","","","","","","","","","","","","","","","","","","",""
"3240000","3240000-102-2015-00003","20151224","","01","영업/정상","01","영업","","","","","02  470 6510","371.30","134874","서울특별시 강동구 천호동 427-29 ","서울특별시 강동구 구천면로24길 28 (천호동)","05328","청춘포차","20210429153120","U","2021-05-01 02:40:00.0","기타","211033.50025702     ","448588.893143295    ","기타","","","유흥업소밀집지역","","상수도전용","","","","","","","","","Y","371.3","","",""
"3240000","3240000-102-2016-00001","20161220","","03","폐업","02","폐업","20200527","","","","02 4888608","782.34","134880","서울특별시 강동구 길동 389-2번지 지하1층 ","서울특별시 강동구 양재대로 1471 (길동)","05353","세일세일","20200527112709","U","2020-05-29 02:40:00.0","룸살롱","212251.603548884    ","448345.727351302    ","룸살롱","","","","","","","","","","","","","","Y","782.34","","",""
"3240000","3240000-102-2019-00001","20190213","","01","영업/정상","01","영업","","","","","","82.19","134872","서울특별시 강동구 천호동 416-5 ","서울특별시 강동구 구천면로24길 11 지하1층 (천호동)","05329","대왕노래궁","20220117113032","U","2022-01-19 02:40:00.0","노래클럽","211080.924701849    ","448665.20259174     ","노래클럽","0","0","","","","0","0","0","0","0","","0","0","Y","82.19","","",""
"3240000","3240000-102-2020-00001","20200630","","01","영업/정상","01","영업","","","","","","108.47","134814","서울특별시 강동구 길동 414-1 석탄공회관 ","서울특별시 강동구 천호대로175길 58 석탄공회관 (길동)","05353","룰루","20200720110140","U","2020-07-22 02:40:00.0","룸살롱","212102.541821818    ","448338.998117904    ","룸살롱","","","","","","","","","","","","","","Y","108.47","","",""
"3240000","3240000-102-2022-00001","20220325","","01","영업/정상","01","영업","","","","","","90.22","134814","서울특별시 강동구 길동 459-2","서울특별시 강동구 천호대로 1135 2층 206-2호 (길동)","05355","신세계노래주점","20220329101814","U","2021-12-02 21:01:00.0","룸살롱","212111.336830711","448059.842030801","","","","","","","","","","","","","","","","","","",""